Id,CreatedDate,ModifiedDate,DeletedDate,State,Importer,DayShift,Shift,MixingMachine,ProductName,MixingBatch,Color,HuMaterial1,MaterialCode,MaterialBatch,Parameter1,Sample1,HuMaterial2,MaterialCode2,MaterialBatch2,Parameter2,Sample2,HuColor,ColorCode,ColorBatch,ParameterColor,SampleColor,BatchRecycle,CleanAndClear,Remark,Modifier,Status,Approver,ApproverRemark,PdfLink,NguonThuGom,NgayBatDauThuGom,CaBatDauThuGom,NgayKetThucThuGom,CaKetThucThuGom,SoNC,BatchThuGom,ParameterRecycle,Weight1,Weight2,WeightColor
7848a525-bbda-4f34-bfb4-76cfdcd50dd3,2026-05-15 14:12:24.2526519 +07:00,2026-05-15 14:18:33.4639495 +07:00,,SUBMITTED,nhieu_nguyen_van@colpal.com,2026-05-15,2,M07,CC_21,1356PM0701,N/A,106098VN1102240M40443,M40443,6098VN1102,40,,106108VN1103240M38272,M38272,6108VN1103,60,,N/A,N/A,N/A,0,,N/A,,N/A,nhieu_nguyen_van@colpal.com,SUBMITTED,,N/A,,,,,,,,,0,54.1,81.2,0
192b9a10-b0ad-46fb-bc9a-090221bb109c,2026-05-15 14:53:53.3094820 +07:00,2026-05-15 14:54:25.9433582 +07:00,,SUBMITTED,tan_huynh_cong@colpal.com,2026-05-15,2,M02,SFBK_25,1356PM0202,TIM,106106VN1101240M43203,M43203,6106VN1101,62.62,,N/A,N/A,N/A,0,,106110VN1101240M27641,M27641,6110VN1101,89,,N/A,,N/A,tan_huynh_cong@colpal.com,SUBMITTED,,N/A,,,,,,,,,0,0,0,0
bd93115d-0f0b-492e-808c-268663ddc60b,2026-05-15 14:38:08.3978484 +07:00,2026-05-15 14:38:52.3418342 +07:00,,SUBMITTED,tan_huynh_cong@colpal.com,2026-05-15,2,M02,SFBK_25,1356PM0201,LA,106106VN1101240M43203,M43203,6106VN1101,62.62,,N/A,N/A,N/A,0,,105311VN1101240M28931,M28931,5311VN1101,78,,N/A,,N/A,tan_huynh_cong@colpal.com,SUBMITTED,,N/A,,,,,,,,,0,0,0,0
9264a866-6562-4ee8-bc2d-23f8f861039f,2026-05-15 15:12:57.0536979 +07:00,2026-05-15 15:13:30.4899077 +07:00,,SUBMITTED,nhieu_nguyen_van@colpal.com,2026-05-15,2,M08,PC_22,1356PM0801,N/A,106107VN1104240M41908,M41908,6107VN1104,40,,106108VN1103240M38272,M38272,6108VN1103,60,,N/A,N/A,N/A,0,,N/A,,N/A,nhieu_nguyen_van@colpal.com,SUBMITTED,,N/A,,,,,,,,,0,53.9,80.8,0
f9bf6cfe-f498-44f2-bcd4-2c7bd45f40a4,2026-05-15 15:05:27.4234159 +07:00,2026-05-15 15:09:08.4523856 +07:00,,SUBMITTED,nhieu_nguyen_van@colpal.com,2026-05-15,2,M07,PC_22,1356PM0702,N/A,106107VN1104240M41908,M41908,6107VN1104,40,,106108VN1103240M38272,M38272,6108VN1103,60,,N/A,N/A,N/A,0,,N/A,,N/A,nhieu_nguyen_van@colpal.com,SUBMITTED,,N/A,,,,,,,,,0,49.9,74.8,0
0a681ba6-0d2b-4a0c-aa39-d8b7fab14d03,2026-05-15 15:23:55.0563450 +07:00,2026-05-15 15:26:31.0962231 +07:00,,SUBMITTED,minh_van_minh@colpal.com,2026-05-15,2,N03,SFBK_25,1356PN0301,DEN,N/A,N/A,N/A,0,0,N/A,N/A,N/A,0,,N/A,N/A,N/A,0,,N/A,N/A,N/A,minh_van_minh@colpal.com,SUBMITTED,,N/A,,,,,,,,,0,,0,0
452a963b-7778-4d88-94d0-3901cdb49f57,2026-05-15 15:27:24.9392678 +07:00,2026-05-15 15:28:10.6090946 +07:00,,SUBMITTED,tan_huynh_cong@colpal.com,2026-05-15,2,M02,ZZCC_25,1356PM0203,DEN,106091VN1101240M27839,M27839,6091VN1101,68.33,,N/A,N/A,N/A,0,,106110VN1101240M36876,M36876,6110VN1101,37.40,,N/A,,N/A,tan_huynh_cong@colpal.com,SUBMITTED,,N/A,,,,,,,,,0,0,0,0
689fdefd-a07a-4ba0-ba8c-6204dbc748bd,2026-05-15 16:04:04.9879906 +07:00,2026-05-15 16:04:53.8829127 +07:00,,SUBMITTED,tan_huynh_cong@colpal.com,2026-05-15,2,M02,ZZ_25,1356PM0204,LA,106091VN1101240M27839,M27839,6091VN1101,68.33,,N/A,N/A,N/A,0,,106069VN1101240M38252,M38252,6069VN1101,58.50,,N/A,,N/A,tan_huynh_cong@colpal.com,SUBMITTED,,N/A,,,,,,,,,0,0,0,0
8b21de38-ea83-4fd9-a0f7-8da74fbc8321,2026-05-15 16:33:10.2062437 +07:00,2026-05-15 16:37:13.1194368 +07:00,,SUBMITTED,nhieu_nguyen_van@colpal.com,2026-05-15,2,M07,DAH_24,1356PM0705,N/A,106098VN1102240M40443,M40443,6098VN1102,34,,106108VN1103240M38272,M38272,6108VN1103,66,,N/A,N/A,N/A,0,,N/A,,N/A,nhieu_nguyen_van@colpal.com,SUBMITTED,,N/A,,,,,,,,,0,35.6,69.2,0
bb1bb56b-8441-426d-ad9d-d06551b7c9bc,2026-05-15 16:07:10.6832655 +07:00,2026-05-15 16:07:46.7143168 +07:00,,SUBMITTED,nhieu_nguyen_van@colpal.com,2026-05-15,2,M07,CC_21,1356PM0703,N/A,106098VN1102240M40443,M40443,6098VN1102,40,,106108VN1103240M38272,M38272,6108VN1103,60,,N/A,N/A,N/A,0,,N/A,,N/A,nhieu_nguyen_van@colpal.com,SUBMITTED,,N/A,,,,,,,,,0,54.1,81.2,0
f5e32fee-1ef5-48ee-8e5b-9c6e67c84c51,2026-05-15 16:23:19.4134374 +07:00,2026-05-15 16:28:01.9343701 +07:00,,SUBMITTED,nhieu_nguyen_van@colpal.com,2026-05-15,2,M07,PRO_22CH,1356PM0704,N/A,106098VN1102240M40443,M40443,6098VN1102,34,,106108VN1103240M38272,M38272,6108VN1103,66,,N/A,N/A,N/A,0,,N/A,,N/A,nhieu_nguyen_van@colpal.com,SUBMITTED,,N/A,,,,,,,,,0,42.4,82.4,0
77e36dae-fcd1-42e6-9d8a-2ab6f2c5987c,2026-05-15 16:49:35.2383740 +07:00,2026-05-15 16:50:10.9435072 +07:00,,SUBMITTED,tan_huynh_cong@colpal.com,2026-05-15,2,M02,PC_22,1356PM0205,TRANG,106108VN1103240M38272,M38272,6108VN1103,86.79,,N/A,N/A,N/A,0,,106127VN1101240M37998,M37998,6127VN1101,51.20,,N/A,,N/A,tan_huynh_cong@colpal.com,SUBMITTED,,N/A,,,,,,,,,0,0,0,0
0078c8fe-86cf-41cc-ac00-e7c103bbb6a0,2026-05-15 18:37:44.9953710 +07:00,2026-05-15 18:37:59.6004576 +07:00,,SUBMITTED,minh_van_minh@colpal.com,2026-05-15,2,N04,K2+,1356PN0401,LA,N/A,N/A,N/A,0,0,N/A,N/A,N/A,0,,N/A,N/A,N/A,0,,N/A,N/A,N/A,minh_van_minh@colpal.com,SUBMITTED,,N/A,,,,,,,,,0,,0,0
6d007783-38ba-49a3-94c4-1063d38c0d57,2026-05-15 18:14:24.7584955 +07:00,2026-05-15 18:14:58.7453551 +07:00,,SUBMITTED,vinh_hoang_van@colpal.com,2026-05-15,2,M05,TW_23,1356PM0502,N/A,106103VN1101240M31520,M31520,6103VN1101,49.7,,106084VN1109240M40985,M40985,6084VN1109,22,,N/A,N/A,N/A,0,,N/A,,N/A,vinh_hoang_van@colpal.com,SUBMITTED,,N/A,,,,,,,,,0,0,0,0
746a8726-52d9-464d-bc45-cca971c0e649,2026-05-15 18:06:24.1348289 +07:00,2026-05-15 18:07:04.2057303 +07:00,,SUBMITTED,vinh_hoang_van@colpal.com,2026-05-15,2,M05,TWFH_25,1356PM0501,N/A,106103VN1101240M31520,M31520,6103VN1101,49.7,,106084VN1109240M40985,M40985,6084VN1109,51.4,,N/A,N/A,N/A,0,,N/A,,N/A,vinh_hoang_van@colpal.com,SUBMITTED,,N/A,,,,,,,,,0,0,0,0
869e9b1f-0b87-4ba4-a360-47592423b62d,2026-05-15 18:37:25.1925203 +07:00,2026-05-15 18:37:32.5951980 +07:00,,SUBMITTED,minh_van_minh@colpal.com,2026-05-15,2,N02,K5+,1356PN0201,TIM,N/A,N/A,N/A,0,0,N/A,N/A,N/A,0,,N/A,N/A,N/A,0,,N/A,N/A,N/A,minh_van_minh@colpal.com,SUBMITTED,,N/A,,,,,,,,,0,,0,0
972eb6bb-8195-4704-8e07-590416fcec65,2026-05-15 18:26:00.1614630 +07:00,2026-05-15 18:26:37.3457124 +07:00,,SUBMITTED,minh_van_minh@colpal.com,2026-05-15,2,N03,M44547,1356PN0302,N/A,N/A,N/A,N/A,0,0,N/A,N/A,N/A,0,,N/A,N/A,N/A,0,,N/A,N/A,N/A,minh_van_minh@colpal.com,SUBMITTED,,N/A,,IM,2026-05-13,Ca 1,2026-05-15,Ca 1,,6105VN1101,0,,0,0
98072a8e-968e-4db7-8474-89fe6a75dd7a,2026-05-15 17:42:05.8744427 +07:00,2026-05-15 17:43:40.3624293 +07:00,,SUBMITTED,tan_huynh_cong@colpal.com,2026-05-15,2,M02,DA_22,1356PM0206,TRANG,106108VN1103240M38272,M38272,6108VN1103,86.79,,N/A,N/A,N/A,0,,106127VN1101240M37998,M37998,6127VN1101,48.9,,N/A,,N/A,tan_huynh_cong@colpal.com,SUBMITTED,,N/A,,,,,,,,,0,0,0,0
fb3906ff-f773-460b-a3d7-959ae910973f,2026-05-15 17:59:21.0313573 +07:00,2026-05-15 18:07:24.7612239 +07:00,,SUBMITTED,bin_nguyen_van@colpal.com,2026-05-15,2,M02,CC_21,1356PM0207,TIM,106108VN1103215M38272,M38272,6108VN1103,86.79,,N/A,N/A,N/A,0,,106114VN1101215M32083,M32083,6114VN1101,64.26,,N/A,,N/A,bin_nguyen_van@colpal.com,SUBMITTED,,N/A,,,,,,,,,0,0,0,0
1a399f09-eb1a-4e0d-b558-0381af514ff7,2026-05-15 19:21:54.4664759 +07:00,2026-05-15 19:22:19.6243051 +07:00,,SUBMITTED,minh_van_minh@colpal.com,2026-05-15,2,N03,M44547,1356PN0303,N/A,N/A,N/A,N/A,0,0,N/A,N/A,N/A,0,,N/A,N/A,N/A,0,,N/A,N/A,N/A,minh_van_minh@colpal.com,SUBMITTED,,N/A,,TE,2026-05-13,Ca 1,2026-05-15,Ca 1,,6105VN1101,0,,0,0
4130fb64-b45c-47ef-945e-68466ae44349,2026-05-15 18:58:30.2742152 +07:00,2026-05-15 19:00:03.1562651 +07:00,,SUBMITTED,bin_nguyen_van@colpal.com,2026-05-15,2,M02,CC_21,1356PM0208,LA,106108VN1103240M38272,M38272,6108VN1103,62.92,,N/A,N/A,N/A,0,,106069VN1101240M38252,M38252,6069VN1101,71.5,,N/A,,N/A,bin_nguyen_van@colpal.com,SUBMITTED,,N/A,,,,,,,,,0,0,0,0
563d3fff-2a37-433d-9828-2ff8d4668d7e,2026-05-15 19:31:31.0371814 +07:00,2026-05-15 19:35:28.7414486 +07:00,,SUBMITTED,vinh_hoang_van@colpal.com,2026-05-15,2,M08,PC_22,1356PM0802,N/A,106107VN1104240M41908,M41908,6107VN1104,40,,106110VN1101240M38272,M38272,6110VN1101,60,,N/A,N/A,N/A,0,,N/A,,N/A,vinh_hoang_van@colpal.com,SUBMITTED,,N/A,,,,,,,,,0,58.1,81.1,0
9e57b4d2-e36f-4e76-8939-c6c0107ebf26,2026-05-15 18:51:34.9630829 +07:00,2026-05-15 18:54:48.9639738 +07:00,,SUBMITTED,vinh_hoang_van@colpal.com,2026-05-15,2,M07,TA_21,1356PM0706,N/A,106098VN1102240M40443,M40443,6098VN1102,50,,106108VN1103240M38272,M38272,6108VN1103,50,,N/A,N/A,N/A,0,,N/A,,N/A,vinh_hoang_van@colpal.com,SUBMITTED,,N/A,,,,,,,,,0,57.4,57.4,0
fb9b4a8b-d859-4c3d-9b38-ada4b41c64fc,2026-05-15 19:33:26.4325806 +07:00,2026-05-15 19:34:02.4728512 +07:00,,SUBMITTED,bin_nguyen_van@colpal.com,2026-05-15,2,M02,CC_21,1356PM0209,DUONG,106108VN1103240M38272,M38272,6108VN1103,86.79,,N/A,N/A,N/A,0,,106110VN1101240M25064,M25064,6110VN1101,60.4,,N/A,,N/A,bin_nguyen_van@colpal.com,SUBMITTED,,N/A,,,,,,,,,0,0,0,0
2e6af377-dc52-4e49-b840-e157e5752c06,2026-05-15 20:09:50.0113328 +07:00,2026-05-15 20:11:20.7397279 +07:00,,SUBMITTED,bin_nguyen_van@colpal.com,2026-05-15,2,M02,CP_09,1356PM0211,TRANG,106106VN1101215M43203,M43203,6106VN1101,86.37,,N/A,N/A,N/A,0,,106069VN1101215M19934,M19934,6069VN1101,34.2,,1346QN0101,,N/A,bin_nguyen_van@colpal.com,SUBMITTED,,N/A,,,,,,,,,47.3,0,0,0
43a5ed13-92e5-43dc-88ac-0a37cfbae21c,2026-05-15 20:24:55.7613143 +07:00,2026-05-15 21:15:59.3560477 +07:00,,APPROVED,minh_van_minh@colpal.com,2026-05-15,2,N01,CP_09,1356PN0101,TRANG,N/A,N/A,N/A,0,0,N/A,N/A,N/A,0,,N/A,N/A,N/A,0,,N/A,N/A,N/A,minh_van_minh@colpal.com,đã phê duyệt,cuong_nguyen_quoc@colpal.com,N/A,https://drive.google.com/file/d/1FObt4NMb-HGGYkmXmKkH9bZDBMLncPNt/view,,,,,,,,0,,0,0
b72759ed-1a2b-4c0f-be12-0088a49ade75,2026-05-15 19:54:48.6483392 +07:00,2026-05-15 19:55:07.4884370 +07:00,,SUBMITTED,bin_nguyen_van@colpal.com,2026-05-15,2,M02,CC_21,1356PM0210,DO,106108VN1103240M38272,M38272,6108VN1103,86.79,,N/A,N/A,N/A,0,,106124VN1101240M22711,M22711,6124VN1101,61.2,,N/A,,N/A,bin_nguyen_van@colpal.com,SUBMITTED,,N/A,,,,,,,,,0,0,0,0
b90292c2-bcd4-4206-be7d-6314737af225,2026-05-15 20:53:14.0255391 +07:00,2026-05-15 21:22:40.7945770 +07:00,,APPROVED,vinh_hoang_van@colpal.com,2026-05-15,2,M07,SF_24RPP,1356PM0707,N/A,106098VN1102240M40443,M40443,6098VN1102,39,,106110VN1102240M38272,M38272,6110VN1102,61,,N/A,N/A,N/A,0,,N/A,,N/A,vinh_hoang_van@colpal.com,đã phê duyệt,cuong_nguyen_quoc@colpal.com,N/A,https://drive.google.com/file/d/1MwWYUJn9LTlNp2t5PnABf7WmsAdQWwWA/view,,,,,,,,0,64.2,100.4,0
e8b9cdf3-e830-4b2e-9a41-903a660b38c3,2026-05-15 21:16:30.9579468 +07:00,2026-05-15 21:23:15.4211901 +07:00,,APPROVED,vinh_hoang_van@colpal.com,2026-05-15,2,M07,DAH_24,1356PM0708,N/A,106098VN1102240M40443,M40443,6098VN1102,34,,106110VN1102240M38272,M38272,6110VN1102,66,,N/A,N/A,N/A,0,,N/A,,N/A,vinh_hoang_van@colpal.com,đã phê duyệt,cuong_nguyen_quoc@colpal.com,N/A,https://drive.google.com/file/d/1SXVNaSm1kGT1W29-R73LpSnm-iQ-QTWe/view,,,,,,,,0,42.4,82,0
e9051ccd-b833-4900-8400-6a5c8e465737,2026-05-15 21:07:42.0774606 +07:00,2026-05-15 21:23:46.4445082 +07:00,,APPROVED,bin_nguyen_van@colpal.com,2026-05-15,2,M02,DACC_20,1356PM0212,N/A,106108VN1103215M38272,M38272,6108VN1103,86.97,,N/A,N/A,N/A,0,,106040VN1101240M44547,M44547,6040VN1101,19.87,,N/A,,N/A,bin_nguyen_van@colpal.com,đã phê duyệt,cuong_nguyen_quoc@colpal.com,N/A,https://drive.google.com/file/d/16hEMphcP5neh1NxGzg7BHLFoLo48L8G6/view,,,,,,,,0,0,0,0
11a3ad7b-9c89-4497-bd55-9f54bc29eee6,2026-05-15 22:00:12.1267208 +07:00,2026-05-15 22:00:40.7399544 +07:00,,SUBMITTED,bin_nguyen_van@colpal.com,2026-05-15,3,M02,DACC_20,1356QM0201,N/A,106108VN1103215M38272,M38272,6108VN1103,86.79,,106040VN1101240M44547,M44547,6040VN1101,19.87,,N/A,N/A,N/A,0,,N/A,,N/A,bin_nguyen_van@colpal.com,SUBMITTED,,N/A,,,,,,,,,0,0,0,0
6f557465-f0c1-46b2-b207-90e178ebcf32,2026-05-15 22:15:02.9431002 +07:00,2026-05-15 22:19:57.6795886 +07:00,,SUBMITTED,vinh_hoang_van@colpal.com,2026-05-15,3,M07,PRO_22CH,1356QM0701,N/A,106098VN1102240M40443,M40443,6098VN1102,34,,106110VN1102240M38272,M38272,6110VN1102,66,,N/A,N/A,N/A,0,,N/A,,N/A,vinh_hoang_van@colpal.com,SUBMITTED,,N/A,,,,,,,,,0,28.8,56,0
9f9df46c-ed5d-40cb-b281-eaab0cd91e1b,2026-05-15 22:15:49.1147839 +07:00,,,PENDING,khanh_thanh_khanh@colpal.com,2026-05-15,3,N01,CP_09,1356QN0101,TRANG,N/A,N/A,N/A,0,0,N/A,N/A,N/A,0,,N/A,N/A,N/A,0,,N/A,N/A,N/A,khanh_thanh_khanh@colpal.com 2026-05-15 22:15:43,Chờ duyệt,,N/A,,,,,,,,,0,,0,0
f5d76f8f-b1dc-476f-bc7a-d4e605df5561,2026-05-15 22:30:46.9712242 +07:00,2026-05-15 22:52:43.9560769 +07:00,,APPROVED,vinh_hoang_van@colpal.com,2026-05-15,3,M07,EC_22RPP,1356QM0702,N/A,106098VN1102240M40443,M40443,6098VN1102,40,,106110VN1102240M38272,M38272,6110VN1102,60,,N/A,N/A,N/A,0,,N/A,,N/A,vinh_hoang_van@colpal.com,đã phê duyệt,bon_van_tien@colpal.com,N/A,https://drive.google.com/file/d/1KODtKZQiAuWPH_XjuBE46eZkczlvcgY9/view,,,,,,,,0,57.8,86.7,0
19079c4a-8386-4732-a9ba-b5ec5641007e,2026-05-15 23:17:19.4028404 +07:00,2026-05-15 23:17:54.8991961 +07:00,,SUBMITTED,bin_nguyen_van@colpal.com,2026-05-15,3,M06,SFBK_25,1356QM0602,DEN,106110VN1102240M38272,M38272,6110VN1102,62,,106098VN1102240M40443,M40443,6098VN1102,38,,106110VN1101240M36876,M36876,6110VN1101,2,,N/A,,N/A,bin_nguyen_van@colpal.com,SUBMITTED,,N/A,,,,,,,,,0,62,38,2
36030110-45fc-4596-9e04-e8b7fda7a513,2026-05-15 22:40:41.7956072 +07:00,2026-05-15 22:59:14.7265805 +07:00,,APPROVED,bin_nguyen_van@colpal.com,2026-05-15,3,M06,CCDC_11,1356QM0601,TRANG,106110VN1102240M38272,M38272,6110VN1102,52.21,,106098VN1102240M40443,M40443,6098VN1102,21.32,,106127VN1101240M37998,M37998,6127VN1101,1.47,,1346QN0102,,25kg recycle ,bin_nguyen_van@colpal.com,đã phê duyệt,bon_van_tien@colpal.com,N/A,https://drive.google.com/file/d/1C6fz9raXccgS5HrGYs932mDGaAYdwSz5/view,,,,,,,,25,52.21,21.32,1.47
ab968cff-61a1-4b93-9c3c-24e2c4b2c29a,2026-05-15 23:03:49.3757295 +07:00,2026-05-15 23:07:36.1665248 +07:00,,SUBMITTED,vinh_hoang_van@colpal.com,2026-05-15,3,M07,CC_21,1356QM0703,N/A,106098VN1102240M40443,M40443,6098VN1102,40,,106110VN1103240M38272,M38272,6110VN1103,60,,N/A,N/A,N/A,0,,N/A,,N/A,vinh_hoang_van@colpal.com,SUBMITTED,,N/A,,,,,,,,,0,49.9,74.8,0
0bf46abb-5d83-403b-8d53-9f844fdd3bf8,2026-05-15 23:40:15.2917405 +07:00,,,PENDING,khanh_thanh_khanh@colpal.com,2026-05-15,3,N01,CCDC_11,1356QN0102,TRANG,N/A,N/A,N/A,0,0,N/A,N/A,N/A,0,,N/A,N/A,N/A,0,,N/A,N/A,N/A,khanh_thanh_khanh@colpal.com 2026-05-15 23:40:10,Chờ duyệt,,N/A,,,,,,,,,0,,0,0
827d8c79-de1f-4129-a082-79b30ef9bb3b,2026-05-16 00:12:19.4285515 +07:00,2026-05-16 00:13:56.6643091 +07:00,,SUBMITTED,bin_nguyen_van@colpal.com,2026-05-15,3,M02,K5+,1356QM0202,TIM,106106VN1101240M43203,M43203,6106VN1101,86.37,,N/A,N/A,N/A,0,,106105VN1101240M25044,M25044,6105VN1101,59.02,,N/A,,N/A,bin_nguyen_van@colpal.com,SUBMITTED,,N/A,,,,,,,,,0,0,0,0
228fb093-6c5e-4f78-9d51-ccaec53ba7b1,2026-05-16 01:38:42.0909619 +07:00,2026-05-16 01:39:41.2924253 +07:00,,SUBMITTED,bin_nguyen_van@colpal.com,2026-05-15,3,M02,ZZCC_25,1356QM0204,DEN,106091VN1101215M27839,M27839,6091VN1101,68.33,,N/A,N/A,N/A,0,,106110VN1101240M36876,M36876,6110VN1101,37.04,,N/A,,N/A,bin_nguyen_van@colpal.com,SUBMITTED,,N/A,,,,,,,,,0,0,0,0
79579095-6cfe-4bbc-9c6e-4461c705b528,2026-05-16 01:14:58.8541595 +07:00,2026-05-16 01:21:27.5457312 +07:00,,SUBMITTED,vinh_hoang_van@colpal.com,2026-05-15,3,M08,PC_22,1356QM0801,N/A,106107VN1104240M41908,M41908,6107VN1104,40,,106110VN1102240M38272,M38272,6110VN1102,60,,N/A,N/A,N/A,0,,N/A,,N/A,vinh_hoang_van@colpal.com,SUBMITTED,,N/A,,,,,,,,,0,57.7,86.5,0
798adf01-6581-4cd6-ba9b-c6176e0645e1,2026-05-16 01:18:28.1442828 +07:00,2026-05-16 01:19:34.4284911 +07:00,,SUBMITTED,bin_nguyen_van@colpal.com,2026-05-15,3,M02,PRO_22CH,1356QM0203,DEN,106065VN1101240M40533,M40533,6065VN1101,81.5,,N/A,N/A,N/A,0,,106110VN1101240M36876,M36876,6110VN1101,42.33,,N/A,,N/A,bin_nguyen_van@colpal.com,SUBMITTED,,N/A,,,,,,,,,0,0,0,0
81a133f3-25e8-47d4-b3a3-67ab664ed295,2026-05-16 01:12:48.3528179 +07:00,,,PENDING,khanh_thanh_khanh@colpal.com,2026-05-15,3,N02,K5+,1356QN0201,TIM,N/A,N/A,N/A,0,0,N/A,N/A,N/A,0,,N/A,N/A,N/A,0,,N/A,N/A,N/A,khanh_thanh_khanh@colpal.com 2026-05-16 01:12:42,Chờ duyệt,,N/A,,,,,,,,,0,,0,0
0624fb05-5bcf-490f-9908-8261e9b42eb5,2026-05-16 02:33:39.6300746 +07:00,2026-05-16 02:38:13.8044290 +07:00,,SUBMITTED,bin_nguyen_van@colpal.com,2026-05-15,3,M08,ZZ_25,1356QM0802,N/A,106107VN1104240M41908,M41908,6107VN1104,75,,106110VN1102240M38272,M38272,6110VN1102,25,,N/A,N/A,N/A,0,,N/A,,N/A,bin_nguyen_van@colpal.com,SUBMITTED,,N/A,,,,,,,,,0,108.7,36.2,0
63d0f1aa-a4ff-4e3f-b9d6-886a9ace2463,2026-05-16 02:25:36.7741681 +07:00,,,PENDING,khanh_thanh_khanh@colpal.com,2026-05-15,3,N02,K5+,1356QN0202,HONG,N/A,N/A,N/A,0,0,N/A,N/A,N/A,0,,N/A,N/A,N/A,0,,N/A,N/A,N/A,khanh_thanh_khanh@colpal.com 2026-05-16 02:25:28,Chờ duyệt,,N/A,,,,,,,,,0,,0,0
82a92bee-0220-4fb4-91b2-7fa53b7b7edb,2026-05-16 02:06:14.9330313 +07:00,2026-05-16 02:07:20.3697309 +07:00,,SUBMITTED,bin_nguyen_van@colpal.com,2026-05-15,3,M02,ZZ_25,1356QM0205,TIM,106091VN1101215M27839,M27839,6091VN1101,68.33,,N/A,N/A,N/A,0,,106114VN1101215M32083,M32083,6114VN1101,74.97,,N/A,,N/A,bin_nguyen_van@colpal.com,SUBMITTED,,N/A,,,,,,,,,0,0,0,0
e82eb7ec-5651-4556-9878-f16059e7f0df,2026-05-16 02:37:42.1352874 +07:00,2026-05-16 02:41:46.7063352 +07:00,,SUBMITTED,vinh_hoang_van@colpal.com,2026-05-15,3,M07,CC_21,1356QM0704,N/A,106098VN1102240M40443,M40443,6098VN1102,40,,106110VN1102240M38272,M38272,6110VN1102,60,,N/A,N/A,N/A,0,,N/A,,N/A,vinh_hoang_van@colpal.com,SUBMITTED,,N/A,,,,,,,,,0,53.9,80.9,0
b2041cae-0b8f-4fe5-8ef0-d250efe2d830,2026-05-16 02:49:49.3729185 +07:00,2026-05-16 03:02:52.2438773 +07:00,,APPROVED,bin_nguyen_van@colpal.com,2026-05-15,3,M08,ZZCC_25,1356QM0803,N/A,106107VN1104240M41908,M41908,6107VN1104,75,,106110VN1102240M38272,M38272,6110VN1102,25,,N/A,N/A,N/A,0,,N/A,,N/A,bin_nguyen_van@colpal.com,đã phê duyệt,dang_tran_van@colpal.com,N/A,https://drive.google.com/file/d/1jQaeZg8rCC37X9wQBlt3NYlDtrEQCFCp/view,,,,,,,,0,93.7,31.2,0
b8c69515-5963-4d73-967e-b219cfd8c1e2,2026-05-16 03:24:04.0176407 +07:00,,,PENDING,khanh_thanh_khanh@colpal.com,2026-05-15,3,N02,K2+,1356QN0203,HONG,N/A,N/A,N/A,0,0,N/A,N/A,N/A,0,,N/A,N/A,N/A,0,,N/A,N/A,N/A,khanh_thanh_khanh@colpal.com 2026-05-16 03:23:58,Chờ duyệt,,N/A,,,,,,,,,0,,0,0
d83fde4d-c348-418b-84e0-2d89f5fb89e9,2026-05-16 03:26:14.4415695 +07:00,2026-05-16 03:32:33.4055213 +07:00,,SUBMITTED,bin_nguyen_van@colpal.com,2026-05-15,3,M08,ZZ_25,1356QM0804,N/A,106107VN1104240M41908,M41908,6107VN1104,75,,106110VN1102240M38272,M38272,6110VN1102,25,,N/A,N/A,N/A,0,,N/A,,N/A,bin_nguyen_van@colpal.com,SUBMITTED,,N/A,,,,,,,,,0,93.6,31.2,0
e06b7f6c-40a7-4a86-8dd9-a94d2251c544,2026-05-16 03:15:16.2872817 +07:00,,,PENDING,khanh_thanh_khanh@colpal.com,2026-05-15,3,N03,SFBK_25,1356QN0301,DEN,N/A,N/A,N/A,0,0,N/A,N/A,N/A,0,,N/A,N/A,N/A,0,,N/A,N/A,N/A,khanh_thanh_khanh@colpal.com 2026-05-16 03:15:06,Chờ duyệt,,N/A,,,,,,,,,0,,0,0
114bae30-aaf6-49de-95d1-a12c65d591d3,2026-05-16 04:08:24.3029384 +07:00,2026-05-16 04:09:14.0441736 +07:00,,SUBMITTED,bin_nguyen_van@colpal.com,2026-05-15,3,M06,CCDC_11,1356QM0603,TRANG,106110VN1102240M38272,M38272,6110VN1102,52.21,,106098VN1102240M40443,M40443,6098VN1102,21.32,,106127VN1101240M37998,M37998,6127VN1101,1.47,,1356NN0101,,25kg recycle ,bin_nguyen_van@colpal.com,SUBMITTED,,N/A,,,,,,,,,25,52.21,21.32,1.47
5aba8e96-ffe0-4341-8870-5f2eae3aa186,2026-05-16 03:43:01.5370709 +07:00,2026-05-16 03:44:22.1122993 +07:00,,SUBMITTED,bin_nguyen_van@colpal.com,2026-05-15,3,M02,CP_09,1356QM0206,TRANG,106106VN1101215M43203,M43203,6106VN1101,86.37,,N/A,N/A,N/A,0,,106069VN1101215M19934,M19934,6069VN1101,34.2,,1356QN0101,,N/A,bin_nguyen_van@colpal.com,SUBMITTED,,N/A,,,,,,,,,47.3,0,0,0
93d7036c-e5bb-47d4-ba8d-c4dcd617db22,2026-05-16 04:18:37.0191211 +07:00,2026-05-16 05:28:22.0338682 +07:00,,APPROVED,vinh_hoang_van@colpal.com,2026-05-15,3,M07,SF_24RPP,1356QM0705,N/A,106098VN1102240M40443,M40443,6098VN1102,39,,106110VN1102240M38272,M38272,6110VN1102,61,,N/A,N/A,N/A,0,,N/A,,N/A,vinh_hoang_van@colpal.com,đã phê duyệt,dang_tran_van@colpal.com,N/A,https://drive.google.com/file/d/1Is21RXXLuJ8QrYWpSdBo2PDpuxsHdPFv/view,,,,,,,,0,60.3,94.3,0
ff314df9-20e1-4fcf-9caa-05214069798d,2026-05-16 04:11:43.9250894 +07:00,2026-05-16 04:13:28.1554895 +07:00,,APPROVED,vinh_hoang_van@colpal.com,2026-05-15,3,M05,TWFH_25,1356QM0501,N/A,106103VN1101240M31520,M31520,6103VN1101,49.7,,106084VN1110240M40985,M40985,6084VN1110,51.2,,N/A,N/A,N/A,0,,N/A,,N/A,vinh_hoang_van@colpal.com,đã phê duyệt,dang_tran_van@colpal.com,N/A,https://drive.google.com/file/d/16_-PWWKd_iBP1hL4gj0SmS95VmjsrPTw/view,,,,,,,,0,0,0,0
ad41b3b7-8e19-43ec-918b-8a4ef84f817b,2026-05-16 04:47:29.3259838 +07:00,2026-05-16 05:28:42.4299315 +07:00,,APPROVED,bon_van_tien@colpal.com,2026-05-15,3,MIX,Nhựa PCR,1356QMIX01,N/A,106098VN11020029240M40443,M40443,6098VN1102,0,,N/A,N/A,N/A,0,,N/A,N/A,N/A,0,,N/A,,N/A,bon_van_tien@colpal.com,đã phê duyệt,dang_tran_van@colpal.com,N/A,https://drive.google.com/file/d/1UXsuPCIydMjKdmNxNoB4NH_umcmI9zVZ/view,,,,,,,,0,0,0,0
0b45cca2-4beb-4045-83d1-8c9dc0761f0b,2026-05-16 06:17:50.6110834 +07:00,2026-05-16 06:18:59.3629183 +07:00,,SUBMITTED,tan_huynh_cong@colpal.com,2026-05-16,1,M03,TWGC_25,1366NM0301,LA,106110VN1101240M33469,M33469,6110VN1101,66.3,,N/A,N/A,N/A,0,,106069VN1101240M38252,M38252,6069VN1101,49.69,,N/A,,N/A,tan_huynh_cong@colpal.com,SUBMITTED,,N/A,,,,,,,,,0,0,0,0
0e5a21e4-ab9f-4063-9a98-ce6cbe598b84,2026-05-16 06:37:44.1618153 +07:00,2026-05-16 06:38:55.7996622 +07:00,,SUBMITTED,tan_huynh_cong@colpal.com,2026-05-16,1,M08,ZZ_25,1366NM0802,N/A,106107VN1104240M41908,M41908,6107VN1104,75,,106110VN1102240M38272,M38272,6110VN1102,25,,N/A,N/A,N/A,0,,N/A,,N/A,tan_huynh_cong@colpal.com,SUBMITTED,,N/A,,,,,,,,,0,102.8,30.8,0
1c237abd-5711-4792-b723-220e9516e306,2026-05-16 06:15:30.3799173 +07:00,2026-05-16 06:15:59.3729417 +07:00,,SUBMITTED,nhieu_nguyen_van@colpal.com,2026-05-16,1,M05,TWFH_25,1366NM0502,N/A,106103VN1101240M31520,M31520,6103VN1101,49.7,,106084VN1110240M40985,M40985,6084VN1110,51.2,,N/A,N/A,N/A,0,,N/A,,N/A,nhieu_nguyen_van@colpal.com,SUBMITTED,,N/A,,,,,,,,,0,0,0,0
34f7554d-c665-4a33-84b6-0b956d6f5f2a,2026-05-16 06:34:27.0036354 +07:00,2026-05-16 06:35:11.3910425 +07:00,,SUBMITTED,tan_huynh_cong@colpal.com,2026-05-16,1,M08,ZZCC_25,1366NM0801,N/A,106107VN1104240M41908,M41908,6107VN1104,75,,106110VN1102240M38272,M38272,6110VN1102,25,,N/A,N/A,N/A,0,,N/A,,N/A,tan_huynh_cong@colpal.com,SUBMITTED,,N/A,,,,,,,,,0,131,43.7,0
72ea661b-1c98-4e42-8914-7e57a6edd1b7,2026-05-16 06:29:00.8352608 +07:00,2026-05-16 06:29:51.5532159 +07:00,,SUBMITTED,nhieu_nguyen_van@colpal.com,2026-05-16,1,M05,TW_23,1366NM0503,N/A,106103VN1101240M31520,M31520,6103VN1101,49.7,,106084VN1110240M40985,M40985,6084VN1110,22.0,,N/A,N/A,N/A,0,,N/A,,N/A,nhieu_nguyen_van@colpal.com,SUBMITTED,,N/A,,,,,,,,,0,0,0,0
a88134a2-f05c-41ad-9dbc-55ba27ae7250,2026-05-16 06:10:04.0201263 +07:00,2026-05-16 06:19:21.6824102 +07:00,,CANCELED,nhieu_nguyen_van@colpal.com,2026-05-16,1,M05,TWFH_25,1366NM0501,N/A,,,,,,N/A,N/A,N/A,0,,N/A,N/A,N/A,0,,N/A,,N/A,nhieu_nguyen_van@colpal.com 2026-05-16 06:09:48,đã phê duyệt,tien_trung_tien@colpal.com,N/A,https://drive.google.com/file/d/1xTdBk5OMeZQ210kYm8RcP-OPbMZ06JCG/view,,,,,,,,0,,0,0
0b8b8228-dde6-48d2-8f0f-60a79592108f,2026-05-16 07:20:57.5404271 +07:00,2026-05-16 07:49:38.6838180 +07:00,,APPROVED,tan_huynh_cong@colpal.com,2026-05-16,1,M03,TWFH_25,1366NM0304,HONG,106110VN1101240M33469,M33469,6110VN1101,66.3,,N/A,M44307,6101VN1101,0,,106101VN1101240M44307,M44307,6101VN1101,93,,N/A,,N/A,tan_huynh_cong@colpal.com,đã phê duyệt,tien_trung_tien@colpal.com,N/A,https://drive.google.com/file/d/1X3z5N832caajg7s48O48F5P4CqYUIMfr/view,,,,,,,,0,0,0,0
0d526b86-4b76-4809-8b33-e2ee8fc00966,2026-05-16 06:47:43.0095696 +07:00,,,PENDING,tan_huynh_cong@colpal.com,2026-05-16,1,M03,TWGC_25,1366NM0302,DUONG,,,,,,N/A,N/A,N/A,0,,N/A,N/A,N/A,0,,N/A,,N/A,tan_huynh_cong@colpal.com 2026-05-16 06:47:21,Chờ duyệt,,N/A,,,,,,,,,0,,0,0
2dacfc54-b900-4635-a552-58ca4ab31857,2026-05-16 06:49:41.1175732 +07:00,2026-05-16 06:50:37.4011250 +07:00,,SUBMITTED,tan_huynh_cong@colpal.com,2026-05-16,1,M03,TWGC_25,1366NM0303,DUONG,106110VN1101240M33469,M33469,6110VN1101,66.3,,N/A,N/A,N/A,0,,106114VN1101240M27640,M27640,6114VN1101,56.25,,N/A,,N/A,tan_huynh_cong@colpal.com,SUBMITTED,,N/A,,,,,,,,,0,0,0,0
63ca26ee-d872-4342-9ca7-b0a8decfa946,2026-05-16 07:14:58.8982740 +07:00,2026-05-16 07:15:17.3637827 +07:00,,SUBMITTED,tien_trung_tien@colpal.com,2026-05-16,1,MIX,360RE_23,1366NMIX01,TIM,106106VN11010029240M45325,M45325,6106VN1101,0,,N/A,N/A,N/A,0,,N/A,N/A,N/A,0,,N/A,,N/A,tien_trung_tien@colpal.com,SUBMITTED,,N/A,,,,,,,,,0,0,0,0
981eefac-4e34-47b8-a5c8-f30280fb4708,2026-05-16 07:15:48.0301636 +07:00,2026-05-16 07:16:28.6563553 +07:00,,SUBMITTED,tien_trung_tien@colpal.com,2026-05-16,1,MIX,360RE_23,1366NMIX02,LBL,106106VN11010029240M45322,M45322,6106VN1101,0,,N/A,N/A,N/A,0,,N/A,N/A,N/A,0,,N/A,,N/A,tien_trung_tien@colpal.com,SUBMITTED,,N/A,,,,,,,,,0,0,0,0
ffb5be64-dbe7-441a-af92-0793f83b67dd,2026-05-16 07:12:02.2465231 +07:00,2026-05-16 07:17:15.1681920 +07:00,,SUBMITTED,nhieu_nguyen_van@colpal.com,2026-05-16,1,M08,PC_22,1366NM0803,N/A,106107VN1104240M41908,M41908,6107VN1104,40,,106110VN1102240M38272,M38272,6110VN1102,60,,N/A,N/A,N/A,0,,N/A,,N/A,nhieu_nguyen_van@colpal.com,SUBMITTED,,N/A,,,,,,,,,0,49.8,74.7,0
2e4b064c-de17-48ef-80bf-ede0574f5942,2026-05-16 08:31:31.6935530 +07:00,2026-05-16 08:39:47.0017342 +07:00,,SUBMITTED,nhieu_nguyen_van@colpal.com,2026-05-16,1,M07,SF_24RPP,1366NM0701,N/A,106098VN1102240M40443,M40443,6098VN1102,39,,106110VN1102240M38272,M38272,6110VN1102,61,,N/A,N/A,N/A,0,,N/A,,N/A,nhieu_nguyen_van@colpal.com,SUBMITTED,,N/A,,,,,,,,,0,44.6,69.9,0
92913162-c55a-487a-8e8f-5eeea7aa1a31,2026-05-16 08:06:02.8105926 +07:00,2026-05-16 08:08:00.6019064 +07:00,,SUBMITTED,tan_huynh_cong@colpal.com,2026-05-16,1,M03,TWFH_25,1366NM0305,CAM,106110VN1101240M33469,M33469,6110VN1101,66.3,,N/A,N/A,N/A,0,,106114VN1101240M29142,M29142,6114VN1101,62.43,,N/A,,N/A,tan_huynh_cong@colpal.com,SUBMITTED,,N/A,,,,,,,,,0,0,0,0
86e4961f-ea29-4bb8-b78f-15107da28025,2026-05-16 08:57:31.4438511 +07:00,2026-05-16 10:26:22.1520289 +07:00,,APPROVED,nhieu_nguyen_van@colpal.com,2026-05-16,1,M07,TA_21,1366NM0702,N/A,106098VN1102240M40443,M40443,6098VN1102,50,,106110VN1102240M38272,M38272,6110VN1102,50,,N/A,N/A,N/A,0,,N/A,,N/A,nhieu_nguyen_van@colpal.com,đã phê duyệt,tien_trung_tien@colpal.com,N/A,https://drive.google.com/file/d/1okAccM-SRkPxsE_JFncXhRcJ6he05qC6/view,,,,,,,,0,42.5,42.5,0
bbf973b9-2375-4311-b7f9-0385ba508b71,2026-05-16 08:39:38.0655560 +07:00,2026-05-16 08:41:46.4694190 +07:00,,SUBMITTED,tan_huynh_cong@colpal.com,2026-05-16,1,M06,CCDC_11,1366NM0601,TRANG,106110VN1102240M38272,M38272,6110VN1102,52.21,,106098VN1102240M40443,M40443,6098VN1102,21.32,,106127VN1101240M37998,M37998,6127VN1101,1.47,,1356QN0102,,N/A,tan_huynh_cong@colpal.com,SUBMITTED,,N/A,,,,,,,,,25,52.21,21.32,1.47
2bef0cd0-0096-4d0f-9b77-7285fa5f92a2,2026-05-16 10:36:07.3007305 +07:00,2026-05-16 10:38:01.8301906 +07:00,,APPROVED,nhieu_nguyen_van@colpal.com,2026-05-16,1,M07,EC_22RPP,1366NM0704,N/A,106098VN1102240M40443,M40443,6098VN1102,40,,106110VN1102240M38272,M38272,6110VN1102,60,,N/A,N/A,N/A,0,,N/A,,N/A,nhieu_nguyen_van@colpal.com,đã phê duyệt,tien_trung_tien@colpal.com,N/A,https://drive.google.com/file/d/1my4Qy4CLjPm4YLt9Xsrv8FXbsxaoat1w/view,,,,,,,,0,41.9,62.5,0
49c79ad5-d441-4cf3-8e31-db9d0513d2a2,2026-05-16 10:22:01.2520593 +07:00,2026-05-16 10:22:12.4146222 +07:00,,SUBMITTED,tien_trung_tien@colpal.com,2026-05-16,1,N01,CCDC_11,1366NN0101,TRANG,N/A,N/A,N/A,0,0,N/A,N/A,N/A,0,,N/A,N/A,N/A,0,,N/A,N/A,N/A,tien_trung_tien@colpal.com,SUBMITTED,,N/A,,,,,,,,,0,,0,0
5928d618-a9aa-4bb7-be35-6ba124f85b3a,2026-05-16 10:15:22.4386778 +07:00,2026-05-16 10:26:45.3512631 +07:00,,APPROVED,nhieu_nguyen_van@colpal.com,2026-05-16,1,M07,EC_22RPP,1366NM0703,N/A,106098VN1102240M40443,M40443,6098VN1102,40,,106110VN1102240M38272,M38272,6110VN1102,60,,N/A,N/A,N/A,0,,N/A,,N/A,nhieu_nguyen_van@colpal.com,đã phê duyệt,tien_trung_tien@colpal.com,N/A,https://drive.google.com/file/d/187PNPh59NwI9qrtV0ETR86XE633-Dl6k/view,,,,,,,,0,41.9,62.5,0
8a424dff-12e0-49c1-a67f-19be7d522c55,2026-05-16 10:15:25.5988107 +07:00,2026-05-16 10:28:28.2892718 +07:00,,APPROVED,tan_huynh_cong@colpal.com,2026-05-16,1,M02,K2+,1366NM0201,HONG,106106VN1101240M43203,M43203,6106VN1101,86.37,,N/A,N/A,N/A,0,,106101VN1101240M33394,M33394,6101VN1101,59.8,,1356QN0203,,N/A,tan_huynh_cong@colpal.com,đã phê duyệt,tien_trung_tien@colpal.com,N/A,https://drive.google.com/file/d/1F5VNMhgLLDGtE9yc-hBE80wdFaMJ5IeS/view,,,,,,,,38,0,0,0
089cd3f6-71cc-446d-884f-3431c2b79949,2026-05-16 11:23:44.4959304 +07:00,2026-05-16 12:04:37.0086023 +07:00,,APPROVED,nhieu_nguyen_van@colpal.com,2026-05-16,1,M07,CC_21,1366NM0706,N/A,106098VN1102240M40443,M40443,6098VN1102,40,,106110VN1102240M38272,M38272,6110VN1102,60,,N/A,N/A,N/A,0,,N/A,,N/A,nhieu_nguyen_van@colpal.com,đã phê duyệt,tien_trung_tien@colpal.com,N/A,https://drive.google.com/file/d/1WnUQsR5Lv1R-hLaCLHFoa5zhkCTi25ur/view,,,,,,,,0,42.0,63.1,0
4cfb35a4-5443-48e6-8236-f78f70c5885b,2026-05-16 11:19:40.1031909 +07:00,2026-05-16 11:29:15.2477483 +07:00,,CANCELED,nhieu_nguyen_van@colpal.com,2026-05-16,1,M07,CC_21,1366NM0705,N/A,,,,,,N/A,N/A,N/A,0,,N/A,N/A,N/A,0,,N/A,,N/A,nhieu_nguyen_van@colpal.com 2026-05-16 11:19:23,đã phê duyệt,tien_trung_tien@colpal.com,N/A,https://drive.google.com/file/d/1PVtOBechla5xtA5V0LTZPguQs7pTYrIV/view,,,,,,,,0,,0,0
85f81236-b03f-46b0-be6e-4dad66ecda94,2026-05-16 10:57:56.9265797 +07:00,2026-05-16 10:59:10.4095493 +07:00,,SUBMITTED,tan_huynh_cong@colpal.com,2026-05-16,1,M02,SFBK_25,1366NM0202,LA,106106VN1101240M43203,M43203,6106VN1101,62.62,,N/A,N/A,N/A,0,,105311VN1101240M28931,M28931,5311VN1101,78,,N/A,,N/A,tan_huynh_cong@colpal.com,SUBMITTED,,N/A,,,,,,,,,0,0,0,0
372a951b-44b5-49fd-9019-e0a156f93ab5,2026-05-16 12:28:17.1030827 +07:00,2026-05-16 12:28:54.2039370 +07:00,,SUBMITTED,nhieu_nguyen_van@colpal.com,2026-05-16,1,M05,TW_23,1366NM0504,N/A,106103VN1101240M31520,M31520,6103VN1101,49.7,,106084VN1110240M40985,M40985,6084VN1110,22.0,,N/A,N/A,N/A,0,,N/A,,N/A,nhieu_nguyen_van@colpal.com,SUBMITTED,,N/A,,,,,,,,,0,0,0,0
9825ec79-6621-4ca4-b574-1e750c669b9f,2026-05-16 12:19:46.3738781 +07:00,2026-05-16 12:21:26.6332251 +07:00,,SUBMITTED,tan_huynh_cong@colpal.com,2026-05-16,1,M02,ZZCC_25,1366NM0203,DEN,106091VN1101240M27839,M27839,6091VN1101,68.33,,N/A,N/A,N/A,0,,106110VN1101240M36876,M36876,6110VN1101,37.04,,N/A,,N/A,tan_huynh_cong@colpal.com,SUBMITTED,,N/A,,,,,,,,,0,0,0,0
1641bc31-f8a4-438c-ad6b-4f63bf8c2bb0,2026-05-16 12:54:19.7826350 +07:00,2026-05-16 13:03:52.8775727 +07:00,,APPROVED,nhieu_nguyen_van@colpal.com,2026-05-16,1,M08,PC_22,1366NM0804,N/A,106107VN1104240M41908,M41908,6107VN1104,40,,106110VN1102240M38272,M38272,6110VN1102,60,,N/A,N/A,N/A,0,,N/A,,N/A,nhieu_nguyen_van@colpal.com,đã phê duyệt,tien_trung_tien@colpal.com,N/A,https://drive.google.com/file/d/17AOgOzXZGesmIQYxbJIP47qERM3eQl_y/view,,,,,,,,0,45.9,68.8,0
46e1333c-0270-4a3c-8346-13caafd960c6,2026-05-16 12:43:51.8751435 +07:00,2026-05-16 12:58:12.2003972 +07:00,,APPROVED,nhieu_nguyen_van@colpal.com,2026-05-16,1,M05,TWFH_25,1366NM0506,N/A,106103VN1101240M31520,M31520,6103VN1101,49.7,,106084VN1110240M40985,M40985,6084VN1110,51.2,,N/A,N/A,N/A,0,,N/A,,N/A,nhieu_nguyen_van@colpal.com,đã phê duyệt,tien_trung_tien@colpal.com,N/A,https://drive.google.com/file/d/1K1_CTdzL2W-Rz08S4skXVPAQOQ1Lem-J/view,,,,,,,,0,0,0,0
7a019c9b-e1b2-49c4-976e-d173d4b3ef39,2026-05-16 12:42:11.9183182 +07:00,2026-05-16 12:58:33.5341510 +07:00,,CANCELED,nhieu_nguyen_van@colpal.com,2026-05-16,1,M05,TWFH_25,1366NM0505,N/A,,,,,,N/A,N/A,N/A,0,,N/A,N/A,N/A,0,,N/A,,N/A,nhieu_nguyen_van@colpal.com 2026-05-16 12:42:04,đã phê duyệt,tien_trung_tien@colpal.com,N/A,https://drive.google.com/file/d/1pufdXiRi8M4zttJhLLhAogBi_My7akbI/view,,,,,,,,0,,0,0
c62b5de1-f1d0-40cd-b828-51a5ffe6e39d,2026-05-16 12:44:44.1707919 +07:00,2026-05-16 13:00:48.6291281 +07:00,,APPROVED,tan_huynh_cong@colpal.com,2026-05-16,1,M02,ZZ_25,1366NM0204,LA,106091VN1101240M27839,M27839,6091VN1101,68.33,,N/A,N/A,N/A,0,,106069VN1101240M38252,M38252,6069VN1101,58.5,,N/A,,N/A,tan_huynh_cong@colpal.com,đã phê duyệt,tien_trung_tien@colpal.com,N/A,https://drive.google.com/file/d/188bsXwel1lptr_n2yR6J6XRqf45dqvPk/view,,,,,,,,0,0,0,0
f5b31797-ed65-4fa4-a60b-9f13e633e1f3,2026-05-16 14:11:08.6711059 +07:00,2026-05-16 14:13:59.5732806 +07:00,,SUBMITTED,nhieu_nguyen_van@colpal.com,2026-05-16,2,M08,PC_22,1366PM0801,N/A,106107VN1104240M41908,M41908,6107VN1104,40,,106110VN1102240M38272,M38272,6110VN1102,60,,N/A,N/A,N/A,0,,N/A,,N/A,nhieu_nguyen_van@colpal.com,SUBMITTED,,N/A,,,,,,,,,0,41.9,62.8,0
3cfded41-e6d3-435f-b901-a77f44dd0cf6,2026-05-16 14:50:41.1418692 +07:00,2026-05-16 15:22:04.4919190 +07:00,,APPROVED,nhieu_nguyen_van@colpal.com,2026-05-16,2,M07,CC_21,1366PM0701,N/A,106098VN1102240M40443,M40443,6098VN1102,40,,106110VN1102240M38272,M38272,6110VN1102,60,,N/A,N/A,N/A,0,,N/A,,N/A,nhieu_nguyen_van@colpal.com,đã phê duyệt,cuong_nguyen_quoc@colpal.com,N/A,https://drive.google.com/file/d/14WH5SFIEhhd5f73pPEcUR-gi9idRp59k/view,,,,,,,,0,45.8,68.8,0
432f4fb5-9268-412f-a6d2-5c760f643cc7,2026-05-16 14:45:27.4404867 +07:00,2026-05-16 14:46:49.4926460 +07:00,,SUBMITTED,tan_huynh_cong@colpal.com,2026-05-16,2,M02,PC_22,1366PM0201,TRANG,106110VN1102240M38272,M38272,6110VN1102,86.79,,N/A,N/A,N/A,0,,106127VN1101240M37998,M37998,6127VN1101,51.20,,N/A,,N/A,tan_huynh_cong@colpal.com,SUBMITTED,,N/A,,,,,,,,,0,0,0,0
94fd344d-bf1c-4720-9477-8f34f5b00b68,2026-05-16 15:28:02.4407290 +07:00,2026-05-16 15:28:49.8631161 +07:00,,SUBMITTED,nhieu_nguyen_van@colpal.com,2026-05-16,2,M07,CC_21,1366PM0702,N/A,106098VN1102240M40443,M40443,6098VN1102,40,,106110VN1102240M38272,M38272,6110VN1102,60,,N/A,N/A,N/A,0,,N/A,,N/A,nhieu_nguyen_van@colpal.com,SUBMITTED,,N/A,,,,,,,,,0,41.9,62.8,0
30a7516d-7cb8-4444-9bce-7451db459363,2026-05-16 16:38:01.8079471 +07:00,2026-05-16 16:41:08.8804974 +07:00,,SUBMITTED,nhieu_nguyen_van@colpal.com,2026-05-16,2,M07,DAH_24,1366PM0705,N/A,106098VN1102240M40443,M40443,6098VN1102,34,,106110VN1103240M38272,M38272,6110VN1103,66,,N/A,N/A,N/A,0,,N/A,,N/A,nhieu_nguyen_van@colpal.com,SUBMITTED,,N/A,,,,,,,,,0,32.3,62.6,0
879e7b18-7878-414e-a9de-521349567719,2026-05-16 15:44:27.8614443 +07:00,2026-05-16 15:44:37.1101420 +07:00,,SUBMITTED,minh_van_minh@colpal.com,2026-05-16,2,N01,CCDC_11,1366PN0101,TRANG,N/A,N/A,N/A,0,0,N/A,N/A,N/A,0,,N/A,N/A,N/A,0,,N/A,N/A,N/A,minh_van_minh@colpal.com,SUBMITTED,,N/A,,,,,,,,,0,,0,0
905449f7-ec28-412a-8996-ab200091e10f,2026-05-16 16:23:10.6979296 +07:00,2026-05-16 16:37:08.5199254 +07:00,,APPROVED,nhieu_nguyen_van@colpal.com,2026-05-16,2,M07,PRO_22CH,1366PM0704,N/A,106098VN1102240M40443,M40443,6098VN1102,34,,106110VN1103240M38272,M38272,6110VN1103,66,,N/A,N/A,N/A,0,,N/A,,N/A,nhieu_nguyen_van@colpal.com,đã phê duyệt,cuong_nguyen_quoc@colpal.com,N/A,https://drive.google.com/file/d/13BSvP5XkjCfIbrFaAkYEvlejJO2iBwZQ/view,,,,,,,,0,42.3,82.1,0
99e59355-f0f7-47d9-9742-c941b3aa2d6a,2026-05-16 15:59:00.4751035 +07:00,2026-05-16 16:02:29.0281181 +07:00,,SUBMITTED,nhieu_nguyen_van@colpal.com,2026-05-16,2,M07,EC_22RPP,1366PM0703,N/A,106098VN1102240M40443,M40443,6098VN1102,40,,106110VN1102240M38272,M38272,6110VN1102,60,,N/A,N/A,N/A,0,,N/A,,N/A,nhieu_nguyen_van@colpal.com,SUBMITTED,,N/A,,,,,,,,,0,37.9,56.8,0
adeb89f3-5390-47e2-ba74-832d53440364,2026-05-16 16:37:33.2461002 +07:00,,,PENDING,tan_huynh_cong@colpal.com,2026-05-16,2,M08,ZZCC_25,1366PM0802,N/A,,,,,,N/A,N/A,N/A,0,,N/A,N/A,N/A,0,,N/A,,N/A,tan_huynh_cong@colpal.com 2026-05-16 16:37:07,Chờ duyệt,,N/A,,,,,,,,,0,,0,0
b308d09d-ebf9-4c97-aee8-a6a4d77c2f1a,2026-05-16 15:43:23.7044614 +07:00,2026-05-16 15:44:53.8704873 +07:00,,SUBMITTED,tan_huynh_cong@colpal.com,2026-05-16,2,M02,DA_22,1366PM0202,TRANG,106110VN1102240M38272,M38272,6110VN1102,86.79,,N/A,N/A,N/A,0,,106127VN1101240M37998,M37998,6127VN1101,48.9,,N/A,,N/A,tan_huynh_cong@colpal.com,SUBMITTED,,N/A,,,,,,,,,0,0,0,0
4f449c1c-0337-45fd-826f-0377c49585e7,2026-05-16 16:44:59.1254023 +07:00,2026-05-16 16:46:21.5766475 +07:00,,SUBMITTED,tan_huynh_cong@colpal.com,2026-05-16,2,M08,ZZ_25,1366PM0803,N/A,106107VN1104240M41908,M41908,6107VN1104,75,,106110VN1102240M38272,M38272,6110VN1102,25,,N/A,N/A,N/A,0,,N/A,,N/A,tan_huynh_cong@colpal.com,SUBMITTED,,N/A,,,,,,,,,0,97.9,31.4,0
6e5daaf0-d427-4f6c-b615-539ae1d57cc7,2026-05-16 17:10:16.1857057 +07:00,2026-05-16 17:12:05.2798390 +07:00,,SUBMITTED,tan_huynh_cong@colpal.com,2026-05-16,2,M02,CC_21,1366PM0203,LA,106110VN1102240M38272,M38272,6110VN1102,62.85,,N/A,N/A,N/A,0,,106069VN1101240M38252,M38252,6069VN1101,71.5,,N/A,,N/A,tan_huynh_cong@colpal.com,SUBMITTED,,N/A,,,,,,,,,0,0,0,0
027267d6-9610-4040-b9d5-4b5936bf83eb,2026-05-16 18:11:35.8476537 +07:00,2026-05-16 18:13:07.0357170 +07:00,,SUBMITTED,vinh_hoang_van@colpal.com,2026-05-16,2,M05,TWFH_25,1366PM0501,N/A,106103VN1101240M31520,M31520,6103VN1101,49.7,,106084VN1110240M40985,M40985,6084VN1110,51.2,,N/A,N/A,N/A,0,,N/A,,N/A,vinh_hoang_van@colpal.com,SUBMITTED,,N/A,,,,,,,,,0,0,0,0
07ddf7e6-b896-4314-8609-a941ff9ff2fa,2026-05-16 18:22:03.5177318 +07:00,2026-05-16 18:22:40.9445590 +07:00,,SUBMITTED,vinh_hoang_van@colpal.com,2026-05-16,2,M05,TW_23,1366PM0502,N/A,106103VN1101240M31520,M31520,6103VN1101,49.7,,106084VN1110240M40985,M40985,6084VN1110,22,,N/A,N/A,N/A,0,,N/A,,N/A,vinh_hoang_van@colpal.com,SUBMITTED,,N/A,,,,,,,,,0,0,0,0
3fef55f1-e8cc-43af-b8ef-31df4595ee98,2026-05-16 18:22:25.4428158 +07:00,2026-05-16 18:23:24.1282515 +07:00,,SUBMITTED,bin_nguyen_van@colpal.com,2026-05-16,2,M02,CC_21,1366PM0204,TIM,106110VN1102240M38272,M38272,6110VN1102,86.69,,N/A,N/A,N/A,0,,106114VN1101215M32083,M32083,6114VN1101,64.26,,N/A,,N/A,bin_nguyen_van@colpal.com,SUBMITTED,,N/A,,,,,,,,,0,0,0,0
d4e8ceb4-84ec-46cc-9665-fa91a3d2a027,2026-05-16 18:28:34.7001512 +07:00,2026-05-16 18:28:45.8412149 +07:00,,SUBMITTED,minh_van_minh@colpal.com,2026-05-16,2,N01,CP_09,1366PN0102,TRANG,N/A,N/A,N/A,0,0,N/A,N/A,N/A,0,,N/A,N/A,N/A,0,,N/A,N/A,N/A,minh_van_minh@colpal.com,SUBMITTED,,N/A,,,,,,,,,0,,0,0
fc299a34-afa9-4982-a642-3552a6989434,2026-05-16 18:29:01.0046115 +07:00,2026-05-16 18:29:40.1809169 +07:00,,SUBMITTED,minh_van_minh@colpal.com,2026-05-16,2,N03,M44547,1366PN0301,N/A,N/A,N/A,N/A,0,0,N/A,N/A,N/A,0,,N/A,N/A,N/A,0,,N/A,N/A,N/A,minh_van_minh@colpal.com,SUBMITTED,,N/A,,IM,2026-05-15,Ca 2,2026-05-16,Ca 1,,6105VN1101,0,,0,0
2a8fe1f5-055d-4259-b244-e2696d9e1b93,2026-05-16 19:23:22.7151673 +07:00,2026-05-16 19:27:39.5462552 +07:00,,SUBMITTED,vinh_hoang_van@colpal.com,2026-05-16,2,M08,PC_22,1366PM0804,N/A,106107VN1104240M41908,M41908,6107VN1104,40,,106110VN1102240M38272,M38272,6110VN1102,60,,N/A,N/A,N/A,0,,N/A,,N/A,vinh_hoang_van@colpal.com,SUBMITTED,,N/A,,,,,,,,,0,53.8,80.7,0
2f23e2be-1a64-495c-92c6-84216c355a17,2026-05-16 19:33:33.6836912 +07:00,2026-05-16 19:34:37.1633080 +07:00,,SUBMITTED,bin_nguyen_van@colpal.com,2026-05-16,2,M02,CP_09,1366PM0207,TRANG,106106VN1101240M43203,M43203,6106VN1101,86.37,,N/A,N/A,N/A,0,,106069VN1101215M19934,M19934,6069VN1101,34.2,,1356QN0101,,N/A,bin_nguyen_van@colpal.com,SUBMITTED,,N/A,,,,,,,,,47.3,0,0,0
93df3cd7-d059-436e-80fa-9c5aa745d508,2026-05-16 19:09:56.7646165 +07:00,2026-05-16 19:10:24.3688389 +07:00,,SUBMITTED,bin_nguyen_van@colpal.com,2026-05-16,2,M02,CC_21,1366PM0206,DO,106110VN1102240M38272,M38272,6110VN1102,86.69,,N/A,N/A,N/A,0,,106124VN1101240M22711,M22711,6124VN1101,61.2,,N/A,,N/A,bin_nguyen_van@colpal.com,SUBMITTED,,N/A,,,,,,,,,0,0,0,0
a7921886-e84c-4d97-9d20-9671e40c83fd,2026-05-16 18:54:18.6012118 +07:00,2026-05-16 18:58:18.8177160 +07:00,,SUBMITTED,vinh_hoang_van@colpal.com,2026-05-16,2,M07,SF_24RPP,1366PM0706,N/A,106098VN1102240M40443,M40443,6098VN1102,39,,106110VN1102240M38272,M38272,6110VN1102,61,,N/A,N/A,N/A,0,,N/A,,N/A,vinh_hoang_van@colpal.com,SUBMITTED,,N/A,,,,,,,,,0,60.3,94.3,0
c4e40edf-1bb3-4b40-b2b0-78c13d9ba258,2026-05-16 18:52:29.7122926 +07:00,2026-05-16 18:53:17.8388427 +07:00,,SUBMITTED,bin_nguyen_van@colpal.com,2026-05-16,2,M02,CC_21,1366PM0205,DUONG,106110VN1102240M38272,M38272,6110VN1102,86.69,,N/A,N/A,N/A,0,,106110VN1101240M25064,M25064,6110VN1101,60.4,,N/A,,N/A,bin_nguyen_van@colpal.com,SUBMITTED,,N/A,,,,,,,,,0,0,0,0
c3470bbd-2770-4ce6-9bf5-253a8be44a9f,2026-05-16 20:18:41.3090583 +07:00,2026-05-16 20:58:16.9916138 +07:00,,APPROVED,bin_nguyen_van@colpal.com,2026-05-16,2,M02,DACC_20,1366PM0208,N/A,106110VN1102240M38272,M38272,6110VN1102,86.69,,106040VN1101240M44547,M44547,6040VN1101,19.87,,N/A,N/A,N/A,0,,N/A,,N/A,bin_nguyen_van@colpal.com,đã phê duyệt,bon_van_tien@colpal.com,N/A,https://drive.google.com/file/d/1WbXYIALFHffwqHLIFL2Ovs-ExAYBADWJ/view,,,,,,,,0,0,0,0
03bec2fc-af7b-4156-b3c6-da1fe338180d,2026-05-16 21:09:03.8214598 +07:00,2026-05-16 21:09:29.2435945 +07:00,,SUBMITTED,bin_nguyen_van@colpal.com,2026-05-16,2,M02,DACC_20,1366PM0209,N/A,106110VN1102240M38272,M38272,6110VN1102,86.69,,106040VN1101240M44547,M44547,6040VN1101,19.87,,N/A,N/A,N/A,0,,N/A,,N/A,bin_nguyen_van@colpal.com,SUBMITTED,,N/A,,,,,,,,,0,0,0,0
ab7a60f3-97af-4554-a8f4-5a5094bc47cd,2026-05-16 21:06:11.4350630 +07:00,2026-05-16 21:06:39.4744677 +07:00,,SUBMITTED,minh_van_minh@colpal.com,2026-05-16,2,N03,M44547,1366PN0302,N/A,N/A,N/A,N/A,0,0,N/A,N/A,N/A,0,,N/A,N/A,N/A,0,,N/A,N/A,N/A,minh_van_minh@colpal.com,SUBMITTED,,N/A,,TE,2026-05-15,Ca 2,2026-05-16,Ca 1,,6105VN1101,0,,0,0
9703ef6a-5b58-4909-855f-e3c1fddbc940,2026-05-16 22:20:48.2363505 +07:00,2026-05-16 23:01:38.2495859 +07:00,,SUBMITTED,vinh_hoang_van@colpal.com,2026-05-16,3,M07,PRO_22CH,1366QM0703,N/A,106098VN1102240M40443,M40443,6098VN1102,34,,106111VN1101240M38272,M38272,6111VN1101,66,,N/A,N/A,N/A,0,,N/A,,N/A,vinh_hoang_van@colpal.com,SUBMITTED,,N/A,,,,,,,,,0,39,75.8,0
c4f6729a-8c16-4923-8b85-cbc6b3c2c1fb,2026-05-16 22:07:37.4939812 +07:00,2026-05-16 22:10:18.9203026 +07:00,,SUBMITTED,vinh_hoang_van@colpal.com,2026-05-16,3,M07,TA_21,1366QM0701,N/A,106098VN1102240M40443,M40443,6098VN1102,50,,106111VN1101240M38272,M38272,6111VN1101,60,,N/A,N/A,N/A,0,,N/A,,N/A,vinh_hoang_van@colpal.com,SUBMITTED,,N/A,,,,,,,,,0,52.1,52.1,0
dedb3512-9879-4b1b-8d4a-f7ef3675e6fe,2026-05-16 22:12:17.0467389 +07:00,2026-05-16 22:17:08.6680130 +07:00,,SUBMITTED,vinh_hoang_van@colpal.com,2026-05-16,3,M07,DAH_24,1366QM0702,N/A,106098VN1102240M40443,M40443,6098VN1102,34,,106111VN1101240M38272,M38272,6111VN1101,66,,N/A,N/A,N/A,0,,N/A,,N/A,vinh_hoang_van@colpal.com,SUBMITTED,,N/A,,,,,,,,,0,49.4,96.2,0
fece45d8-8408-41be-aba3-702703f7da9e,2026-05-16 22:13:33.6737892 +07:00,2026-05-16 22:18:05.0151068 +07:00,,SUBMITTED,bin_nguyen_van@colpal.com,2026-05-16,3,M06,CCDC_11,1366QM0601,TRANG,106110VN1103240M38272,M38272,6110VN1103,52.21,,106098VN1102240M40443,M40443,6098VN1102,21.32,,106127VN1101240M37998,M37998,6127VN1101,1.47,,1366PN0101,,25kg recycle ,bin_nguyen_van@colpal.com,SUBMITTED,,N/A,,,,,,,,,25,52.21,21.32,1.47
06103d6e-8668-484f-9f30-b058e17eb631,2026-05-16 23:10:44.8448644 +07:00,2026-05-16 23:12:54.7150488 +07:00,,SUBMITTED,vinh_hoang_van@colpal.com,2026-05-16,3,M07,CC_21,1366QM0705,N/A,106098VN1102240M40443,M40443,6098VN1102,40,,106111VN1101240M38272,M38272,6111VN1101,60,,N/A,N/A,N/A,0,,N/A,,N/A,vinh_hoang_van@colpal.com,SUBMITTED,,N/A,,,,,,,,,0,49.8,74.7,0
3cc5af12-8b79-43e2-9690-6ddd02e6eae0,2026-05-16 23:35:39.5795645 +07:00,2026-05-16 23:36:31.1013480 +07:00,,SUBMITTED,bin_nguyen_van@colpal.com,2026-05-16,3,M02,ZZ_25,1366QM0201,DO,106091VN1101240M27839,M27839,6091VN1101,68.33,,N/A,N/A,N/A,0,,106069VN1101240M41173,M41173,6069VN1101,76,,N/A,,N/A,bin_nguyen_van@colpal.com,SUBMITTED,,N/A,,,,,,,,,0,0,0,0
914bb6d5-7f80-40d8-8d73-a766b35d95f1,2026-05-16 23:02:57.4405997 +07:00,2026-05-16 23:04:37.5466778 +07:00,,SUBMITTED,vinh_hoang_van@colpal.com,2026-05-16,3,M07,EC_22RPP,1366QM0704,N/A,106098VN1102240M40443,M40443,6098VN1102,40,,106111VN1101240M38272,M38272,6111VN1101,60,,N/A,N/A,N/A,0,,N/A,,N/A,vinh_hoang_van@colpal.com,SUBMITTED,,N/A,,,,,,,,,0,49.9,74.8,0
142eb548-7fe5-413c-8b3c-d906e3689420,2026-05-17 00:18:19.3177855 +07:00,2026-05-17 00:18:46.9782878 +07:00,,SUBMITTED,bin_nguyen_van@colpal.com,2026-05-16,3,M02,ZZ_25,1366QM0202,LA,106091VN1101240M27839,M27839,6091VN1101,68.33,,N/A,N/A,N/A,0,,106069VN1101240M38252,M38252,6069VN1101,58.5,,N/A,,N/A,bin_nguyen_van@colpal.com,SUBMITTED,,N/A,,,,,,,,,0,0,0,0
18b8f2bd-f9df-4eda-9cd1-528ea4c2ebf8,2026-05-17 01:10:35.5558530 +07:00,2026-05-17 01:11:06.6626502 +07:00,,SUBMITTED,vinh_hoang_van@colpal.com,2026-05-16,3,M05,TW_23,1366QM0501,N/A,106103VN1101240M31520,M31520,6103VN1101,49.7,,106084VN1110240M40985,M40985,6084VN1110,22,,N/A,N/A,N/A,0,,N/A,,N/A,vinh_hoang_van@colpal.com,SUBMITTED,,N/A,,,,,,,,,0,0,0,0
41b3662a-7f04-478d-a317-e81719c89b66,2026-05-17 01:22:25.5138385 +07:00,2026-05-17 01:24:28.1390766 +07:00,,SUBMITTED,vinh_hoang_van@colpal.com,2026-05-16,3,M08,PC_22,1366QM0801,N/A,106107VN1104240M41908,M41908,6107VN1104,40,,106111VN1101240M38272,M38272,6111VN1101,60,,N/A,N/A,N/A,0,,N/A,,N/A,vinh_hoang_van@colpal.com,SUBMITTED,,N/A,,,,,,,,,0,57.9,86.8,0
a884e057-9fc7-438d-a8aa-bd44383f283b,2026-05-17 01:20:18.0048886 +07:00,,,PENDING,bin_nguyen_van@colpal.com,2026-05-16,3,M02,ZZ_25,1366QM0203,DEN,,,,,,N/A,N/A,N/A,0,,N/A,N/A,N/A,0,,N/A,,N/A,bin_nguyen_van@colpal.com 2026-05-17 01:20:01,Chờ duyệt,,N/A,,,,,,,,,0,,0,0
c95ee519-329d-4c77-8486-e366961952cd,2026-05-17 01:20:35.2770374 +07:00,2026-05-17 01:21:20.2880490 +07:00,,SUBMITTED,bin_nguyen_van@colpal.com,2026-05-16,3,M02,ZZCC_25,1366QM0204,DEN,106091VN1101240M27839,M27839,6091VN1101,68.33,,N/A,N/A,N/A,0,,106110VN1101240M36876,M36876,6110VN1101,37.04,,N/A,,N/A,bin_nguyen_van@colpal.com,SUBMITTED,,N/A,,,,,,,,,0,0,0,0
9ddca8a8-90c3-482f-8682-7e8fa4966df8,2026-05-17 02:09:02.0294728 +07:00,,,PENDING,khanh_thanh_khanh@colpal.com,2026-05-16,3,N01,CP_09,1366QN0101,TRANG,N/A,N/A,N/A,0,0,N/A,N/A,N/A,0,,N/A,N/A,N/A,0,,N/A,N/A,N/A,khanh_thanh_khanh@colpal.com 2026-05-17 02:08:56,Chờ duyệt,,N/A,,,,,,,,,0,,0,0
c2292aa1-0368-42ae-8c8f-849aaeebdc47,2026-05-17 02:12:42.1675502 +07:00,2026-05-17 03:02:38.5142534 +07:00,,APPROVED,bin_nguyen_van@colpal.com,2026-05-16,3,M02,K2+,1366QM0206,HONG,106106VN1101240M43203,M43203,6106VN1101,86.37,,N/A,N/A,N/A,0,,106101VN1101240M33394,M33394,6101VN1101,59.8,,1356QN0203,,N/A,bin_nguyen_van@colpal.com,đã phê duyệt,bon_van_tien@colpal.com,N/A,https://drive.google.com/file/d/1FI0nfY2ko8ySG00jbtVsfRuBVrwTLXMF/view,,,,,,,,38,0,0,0
f7db505d-b25f-4cfa-878f-5908d2066eaa,2026-05-17 01:44:48.3357368 +07:00,2026-05-17 01:45:51.5922020 +07:00,,SUBMITTED,bin_nguyen_van@colpal.com,2026-05-16,3,M02,K5+,1366QM0205,TIM,106106VN1101240M43203,M43203,6106VN1101,86.37,,N/A,N/A,N/A,0,,106105VN1101240M25044,M25044,6105VN1101,59.02,,N/A,,N/A,bin_nguyen_van@colpal.com,SUBMITTED,,N/A,,,,,,,,,0,0,0,0
03f40e99-8e4a-47d2-9c99-1993663f1a1b,2026-05-17 03:19:59.9386550 +07:00,2026-05-17 03:20:46.0976034 +07:00,,SUBMITTED,vinh_hoang_van@colpal.com,2026-05-16,3,M07,CC_21,1366QM0706,N/A,106098VN1102240M40443,M40443,6098VN1102,40,,106111VN1101240M38272,M38272,6111VN1101,60,,N/A,N/A,N/A,0,,N/A,,N/A,vinh_hoang_van@colpal.com,SUBMITTED,,N/A,,,,,,,,,0,66,99,0
106f4421-481e-408a-8a6c-2ae7e8bd37f4,2026-05-17 02:59:51.0525856 +07:00,,,PENDING,khanh_thanh_khanh@colpal.com,2026-05-16,3,N02,K2+,1366QN0201,HONG,N/A,N/A,N/A,0,0,N/A,N/A,N/A,0,,N/A,N/A,N/A,0,,N/A,N/A,N/A,khanh_thanh_khanh@colpal.com 2026-05-17 02:59:42,Chờ duyệt,,N/A,,,,,,,,,0,,0,0
2d7d18e5-819b-441c-8303-8962b0577cc5,2026-05-17 03:20:08.1241971 +07:00,2026-05-17 05:01:03.8392806 +07:00,,APPROVED,bin_nguyen_van@colpal.com,2026-05-16,3,M08,ZZ_25,1366QM0804,N/A,106108VN1101240M41908,M41908,6108VN1101,75,,106111VN1101240M38272,M38272,6111VN1101,25,,N/A,N/A,N/A,0,,N/A,,N/A,bin_nguyen_van@colpal.com,đã phê duyệt,khanh_thanh_khanh@colpal.com,N/A,https://drive.google.com/file/d/1hVgWYrCx5xmuBd_U6fjlbLekpNUa1zJk/view,,,,,,,,0,86.2,28.8,0
4d3596ed-7ec0-4f7f-9fcd-f92d308a12ba,2026-05-17 02:58:38.1257820 +07:00,2026-05-17 03:01:30.9789054 +07:00,,SUBMITTED,vinh_hoang_van@colpal.com,2026-05-16,3,M05,TWFH_25,1366QM0502,N/A,106103VN1101240M31520,M31520,6103VN1101,49.7,,106084VN1110240M40985,M40985,6084VN1110,51.2,,N/A,N/A,N/A,0,,N/A,,N/A,vinh_hoang_van@colpal.com,SUBMITTED,,N/A,,,,,,,,,0,0,0,0
6c1a4257-2ada-4c6e-b43a-403123ba5248,2026-05-17 02:42:03.2599898 +07:00,2026-05-17 03:00:15.1185981 +07:00,,APPROVED,bin_nguyen_van@colpal.com,2026-05-16,3,M08,ZZ_25,1366QM0802,N/A,106108VN1101240M41908,M41908,6108VN1101,75,,106111VN1101240M38272,M38272,6111VN1101,25,,N/A,N/A,N/A,0,,N/A,,N/A,bin_nguyen_van@colpal.com,đã phê duyệt,dang_tran_van@colpal.com,N/A,https://drive.google.com/file/d/1JbNEy_M9FMA60-aKoTWLT_VL4UYS2mV-/view,,,,,,,,0,108.9,36.3,0
7d3c4f34-98d7-4540-8c5e-fbc4f1d95160,2026-05-17 02:55:47.4926088 +07:00,,,PENDING,khanh_thanh_khanh@colpal.com,2026-05-16,3,N01,CCDC_11,1366QN0102,TRANG,N/A,N/A,N/A,0,0,N/A,N/A,N/A,0,,N/A,N/A,N/A,0,,N/A,N/A,N/A,khanh_thanh_khanh@colpal.com 2026-05-17 02:55:40,Chờ duyệt,,N/A,,,,,,,,,0,,0,0
af9eaa17-2771-4b87-8c9c-b50ea06164fa,2026-05-17 02:56:11.6238601 +07:00,2026-05-17 03:09:48.2943827 +07:00,,APPROVED,bin_nguyen_van@colpal.com,2026-05-16,3,M08,ZZCC_25,1366QM0803,N/A,106108VN1101240M41908,M41908,6108VN1101,75,,106111VN1101240M38272,M38272,6111VN1101,25,,N/A,N/A,N/A,0,,N/A,,N/A,bin_nguyen_van@colpal.com,đã phê duyệt,dang_tran_van@colpal.com,N/A,https://drive.google.com/file/d/1g8lpmxgCN798H8_HytAkcerkEkIeL23Q/view,,,,,,,,0,86,28.7,0
b8bf4034-5435-454e-8c90-66334224357c,2026-05-17 02:50:55.6872687 +07:00,2026-05-17 02:51:09.3628843 +07:00,,SUBMITTED,bon_van_tien@colpal.com,2026-05-16,3,MIX,Nhựa PCR,1366QMIX01,N/A,106098VN11020029240M40443,M40443,6098VN1102,0,,N/A,N/A,N/A,0,,N/A,N/A,N/A,0,,N/A,,N/A,bon_van_tien@colpal.com,SUBMITTED,,N/A,,,,,,,,,0,0,0,0
1286a4f8-97fb-4ef6-9e0a-c6346dbab58c,2026-05-17 04:40:29.6520022 +07:00,2026-05-17 05:00:36.7146159 +07:00,,APPROVED,vinh_hoang_van@colpal.com,2026-05-16,3,M07,SF_24RPP,1366QM0707,N/A,106098VN1102240M40443,M40443,6098VN1102,39,,106111VN1101240M38272,M38272,6111VN1101,61,,N/A,N/A,N/A,0,,N/A,,N/A,vinh_hoang_van@colpal.com,đã phê duyệt,khanh_thanh_khanh@colpal.com,N/A,https://drive.google.com/file/d/1BnIQnVn8qH3uvJLT5B5aA7Thbt3qNDwi/view,,,,,,,,0,60.5,88.5,0
52a3473d-81c5-4051-b74e-72305a9a194b,2026-05-17 03:42:59.1917689 +07:00,2026-05-17 05:01:45.7876755 +07:00,,APPROVED,bin_nguyen_van@colpal.com,2026-05-16,3,M02,CP_09,1366QM0207,TRANG,106106VN1101240M43203,M43203,6106VN1101,86.37,,N/A,N/A,N/A,0,,106069VN1101215M19934,M19934,6069VN1101,34.2,,1366QN0101,,N/A,bin_nguyen_van@colpal.com,đã phê duyệt,khanh_thanh_khanh@colpal.com,N/A,https://drive.google.com/file/d/1XqpT7pg89OF9_znQywUMsoa1l33zD5nh/view,,,,,,,,47.3,0,0,0
864d852e-b044-4719-8de0-76d050d1fec7,2026-05-17 04:06:15.7986487 +07:00,2026-05-17 05:02:21.8865270 +07:00,,APPROVED,bin_nguyen_van@colpal.com,2026-05-16,3,M06,CCDC_11,1366QM0602,TRANG,106110VN1103240M38272,M38272,6110VN1103,52.21,,106098VN1102240M40443,M40443,6098VN1102,21.32,,106127VN1101240M37998,M37998,6127VN1101,1.47,,1366PN0101,,25kg recycle ,bin_nguyen_van@colpal.com,đã phê duyệt,khanh_thanh_khanh@colpal.com,N/A,https://drive.google.com/file/d/1ZtLPL5lClW9Cjt2mYrumXnmS8N21W26Z/view,,,,,,,,25,52.21,21.32,1.47
0df65667-15f0-4053-91a5-2c21902ba706,2026-05-18 06:11:37.3739466 +07:00,2026-05-18 10:08:01.0462060 +07:00,,APPROVED,cuong_nguyen_quoc@colpal.com,2026-05-18,1,M07,EC_22RPP,1386NM0701,N/A,106098VN1102240M40443,M40443,6098VN1102,40,,106111VN1101240M38272,M38272,6111VN1101,60,,N/A,N/A,N/A,0,,N/A,,N/A,cuong_nguyen_quoc@colpal.com,đã phê duyệt,bon_van_tien@colpal.com,N/A,https://drive.google.com/file/d/1YoU5DLWgEN3dISCB6sqx4FENZ_-ubHJW/view,,,,,,,,0,42,63.1,0
e855c29d-0773-4e20-8d16-704842277bad,2026-05-18 06:20:05.9234362 +07:00,2026-05-18 13:01:42.1213484 +07:00,,APPROVED,bin_nguyen_van@colpal.com,2026-05-18,1,M03,TW_23,1386NM0301,CAM,106110VN1101240M33469,M33469,6110VN1101,66.3,,N/A,N/A,N/A,0,,106114VN1101240M29142,M29142,6114VN1101,62.43,,N/A,,N/A,bin_nguyen_van@colpal.com,đã phê duyệt,dung_dang_viet@colpal.com,N/A,https://drive.google.com/file/d/1lNHapn9H-62bT_6pw6PnVvDBuc9mr6DH/view,,,,,,,,0,0,0,0
049406f7-ca69-4699-b41d-749b5a5af1e9,2026-05-18 07:12:40.6325224 +07:00,2026-05-18 12:57:24.1406816 +07:00,,APPROVED,cuong_nguyen_quoc@colpal.com,2026-05-18,1,M05,TWFH_25,1386NM0501,N/A,106103VN1101240M31520,M31520,6103VN1101,49.7,,106084VN1111240M40985,M40985,6084VN1111,51.2,,N/A,N/A,N/A,0,,N/A,,N/A,cuong_nguyen_quoc@colpal.com,đã phê duyệt,dung_dang_viet@colpal.com,N/A,https://drive.google.com/file/d/1U93fGXLQJay5dwrTR4-DvSgn0QiHUJq5/view,,,,,,,,0,0,0,0
62f09031-0400-4199-a042-92d04dc15fde,2026-05-18 07:01:25.5925410 +07:00,2026-05-18 12:58:54.7020425 +07:00,,APPROVED,bin_nguyen_van@colpal.com,2026-05-18,1,M03,TW_23,1386NM0302,LA,106110VN1101240M33469,M33469,6110VN1101,66.3,,N/A,N/A,N/A,0,,106069VN1101M20048,M20048,6069VN1101,39,,N/A,,N/A,bin_nguyen_van@colpal.com,đã phê duyệt,dung_dang_viet@colpal.com,N/A,https://drive.google.com/file/d/1ax6jqnMlDNZdQWuGeIZ2kfbZJnP612tF/view,,,,,,,,0,0,0,0
a8f25ae5-f3b1-40aa-97c8-70e5a5bac298,2026-05-18 07:24:53.6225603 +07:00,2026-05-18 13:00:16.8939081 +07:00,,APPROVED,cuong_nguyen_quoc@colpal.com,2026-05-18,1,M05,TW_23,1386NM0502,N/A,106103VN1101240M31520,M31520,6103VN1101,49.7,,106084VN1111240M40985,M40985,6084VN1111,22,,N/A,N/A,N/A,0,,N/A,,N/A,cuong_nguyen_quoc@colpal.com,đã phê duyệt,dung_dang_viet@colpal.com,N/A,https://drive.google.com/file/d/1Ww37ViECw9QiauIZ__iwBCOLO_w2hMvV/view,,,,,,,,0,0,0,0
e70e6010-24cf-4384-a1d9-859db30f11ae,2026-05-18 07:21:23.6992098 +07:00,2026-05-18 13:01:31.7769799 +07:00,,APPROVED,bin_nguyen_van@colpal.com,2026-05-18,1,M03,TWGC_25,1386NM0303,HONG,106110VN1101240M33469,M33469,6110VN1101,66.3,,N/A,N/A,N/A,0,,106101VN1101215M44307,M44307,6101VN1101,93,,N/A,,N/A,bin_nguyen_van@colpal.com,đã phê duyệt,dung_dang_viet@colpal.com,N/A,https://drive.google.com/file/d/14GColk-S4W3Hr4AuyIwCRt7FX127NG5h/view,,,,,,,,0,0,0,0
470d3bc4-bf36-42db-87f7-153d37f90680,2026-05-18 07:50:10.6978127 +07:00,2026-05-18 12:58:14.8336623 +07:00,,APPROVED,bin_nguyen_van@colpal.com,2026-05-18,1,M03,TWFH_25,1386NM0305,HONG,106110VN1101240M33469,M33469,6110VN1101,66.3,,N/A,N/A,N/A,0,,106101VN1101215M44307,M44307,6101VN1101,93,,N/A,,N/A,bin_nguyen_van@colpal.com,đã phê duyệt,dung_dang_viet@colpal.com,N/A,https://drive.google.com/file/d/1I9Qom9zI4veZbWEG7nAYvKeqYaQF9P4z/view,,,,,,,,0,0,0,0
5e8588f1-6002-4900-8f78-7eeda3b748b5,2026-05-18 08:33:06.5616844 +07:00,2026-05-18 12:58:34.7061287 +07:00,,APPROVED,bin_nguyen_van@colpal.com,2026-05-18,1,M03,TWFH_25,1386NM0307,DUONG,106110VN1101240M33469,M33469,6110VN1101,66.3,,N/A,N/A,N/A,0,,106114VN1101240M27640,M27640,6114VN1101,37.5,,N/A,,N/A,bin_nguyen_van@colpal.com,đã phê duyệt,dung_dang_viet@colpal.com,N/A,https://drive.google.com/file/d/1pXZrRDbwxVJtpNtGt09F9zgTJlaBFeEZ/view,,,,,,,,0,0,0,0
84f551b4-304b-404e-b3fa-a6905d985643,2026-05-18 08:04:00.3058279 +07:00,2026-05-18 10:07:39.7505452 +07:00,,APPROVED,cuong_nguyen_quoc@colpal.com,2026-05-18,1,M07,CC_21,1386NM0702,N/A,106098VN1102240M40443,M40443,6098VN1102,40,,106111VN1101240M38272,M38272,6111VN1101,60,,N/A,N/A,N/A,0,,N/A,,N/A,cuong_nguyen_quoc@colpal.com,đã phê duyệt,bon_van_tien@colpal.com,N/A,https://drive.google.com/file/d/11mm_JP_2ED7uBU4I9X-QweFIPNc82cRZ/view,,,,,,,,0,49.9,74.9,0
9402c655-9c1e-456b-b9c3-0eeec84db253,2026-05-18 08:30:32.7162023 +07:00,2026-05-18 12:59:14.5998184 +07:00,,APPROVED,bin_nguyen_van@colpal.com,2026-05-18,1,M03,TW_23,1386NM0306,DUONG,106110VN1101240M33469,M33469,6110VN1101,66.3,,N/A,N/A,N/A,0,,106114VN1101240M27640,M27640,6114VN1101,37.5,,N/A,,N/A,bin_nguyen_van@colpal.com,đã phê duyệt,dung_dang_viet@colpal.com,N/A,https://drive.google.com/file/d/1CigSDFu1p5_VfduOu3UvaQNLLvQ89LtB/view,,,,,,,,0,0,0,0
9dfc5f16-d4d5-44d5-af73-23fd1c8431d9,2026-05-18 07:41:58.0186629 +07:00,2026-05-18 13:00:02.7166597 +07:00,,APPROVED,bin_nguyen_van@colpal.com,2026-05-18,1,M03,TW_23,1386NM0304,HONG,106110VN1101240M33469,M33469,6110VN1101,66.3,,N/A,N/A,N/A,0,,106101VN1101215M44307,M44307,6101VN1101,93,,N/A,,N/A,bin_nguyen_van@colpal.com,đã phê duyệt,dung_dang_viet@colpal.com,N/A,https://drive.google.com/file/d/1CnD2-LMbSWm4tpuYUef2tf--uNyyK71w/view,,,,,,,,0,0,0,0
61891a1a-b82a-48d5-8498-cdecf2c5f1e4,2026-05-18 08:54:56.5202477 +07:00,2026-05-18 12:58:43.9915476 +07:00,,APPROVED,bin_nguyen_van@colpal.com,2026-05-18,1,M03,TWGC_25,1386NM0308,TIM,106110VN1101240M33469,M33469,6110VN1101,66.3,,N/A,N/A,N/A,0,,106093VN1101215M25044,M25044,6093VN1101,57.1,,N/A,,N/A,bin_nguyen_van@colpal.com,đã phê duyệt,dung_dang_viet@colpal.com,N/A,https://drive.google.com/file/d/1yRKPnaraCYvJGJOHQvJIRuboEIblQIQP/view,,,,,,,,0,0,0,0
859b368c-7323-47f1-8391-c29541de2081,2026-05-18 08:59:44.7057960 +07:00,2026-05-18 10:07:04.3826898 +07:00,,APPROVED,cuong_nguyen_quoc@colpal.com,2026-05-18,1,M07,TA_21,1386NM0703,N/A,106098VN1102240M40443,M40443,6098VN1102,50,,106111VN1101240M38272,M38272,6111VN1101,50,,N/A,N/A,N/A,0,,N/A,,N/A,cuong_nguyen_quoc@colpal.com,đã phê duyệt,bon_van_tien@colpal.com,N/A,https://drive.google.com/file/d/1NPmZY24Bzdd1nUy6bLpwjhTWrGbZo1s_/view,,,,,,,,0,57.4,57.4,0
1a3b3c39-588b-4c50-8e26-8eb860b8f391,2026-05-18 10:30:35.2182646 +07:00,2026-05-18 12:57:35.5087625 +07:00,,APPROVED,bin_nguyen_van@colpal.com,2026-05-18,1,M08,ZZ_25,1386NM0801,N/A,106108VN1101240M41908,M41908,6108VN1101,75,,106111VN1101240M38272,M38272,6111VN1101,25,,N/A,N/A,N/A,0,,N/A,,N/A,bin_nguyen_van@colpal.com,đã phê duyệt,dung_dang_viet@colpal.com,N/A,https://drive.google.com/file/d/110JVTdYq53-8jkk4xe29eF48oghaKLVa/view,,,,,,,,0,78.5,26.2,0
2541116e-e5b8-465d-9e68-a1414c8d9fdc,2026-05-18 11:36:30.0187960 +07:00,2026-05-18 12:57:44.9732656 +07:00,,APPROVED,bin_nguyen_van@colpal.com,2026-05-18,1,M06,CCDC_11,1386NM0601,TRANG,106111VN1101240M38272,M38272,6111VN1101,52.21,,106098VN1102240M40443,M40443,6098VN1102,21.32,,106127VN1101240M37998,M37998,6127VN1101,1.47,,1366QN0102,,25kg recycle ,bin_nguyen_van@colpal.com,đã phê duyệt,dung_dang_viet@colpal.com,N/A,https://drive.google.com/file/d/11LlUbhohNSxf9DRNQtzsC8R2WFH1uVPJ/view,,,,,,,,25,52.21,21.32,1.47
53378349-0e03-4dd9-96b3-e7658e8ae01a,2026-05-18 10:41:32.8106428 +07:00,2026-05-18 12:58:25.9254990 +07:00,,APPROVED,bin_nguyen_van@colpal.com,2026-05-18,1,M08,ZZCC_25,1386NM0802,N/A,106108VN1101240M41908,M41908,6108VN1101,75,,106111VN1101240M38272,M38272,6111VN1101,25,,N/A,N/A,N/A,0,,N/A,,N/A,bin_nguyen_van@colpal.com,đã phê duyệt,dung_dang_viet@colpal.com,N/A,https://drive.google.com/file/d/1pP57nRrNYeqbkMFLpXzx2pwJE1i7-99n/view,,,,,,,,0,48.6,16.2,0
b535ac3b-ba86-4174-b7d2-5f5b62728937,2026-05-18 11:20:11.7214910 +07:00,2026-05-18 13:00:49.6840299 +07:00,,APPROVED,bin_nguyen_van@colpal.com,2026-05-18,1,M02,K2+,1386NM0201,HONG,106106VN1101240M43203,M43203,6106VN1101,86.37,,N/A,N/A,N/A,0,,106101VN1101240M33394,M33394,6101VN1101,59.8,,1366QN0201,,N/A,bin_nguyen_van@colpal.com,đã phê duyệt,dung_dang_viet@colpal.com,N/A,https://drive.google.com/file/d/1joTjGCvbkE1EXE9qECfR0iFcdveXWZMe/view,,,,,,,,38,0,0,0
c4395363-6b96-44f6-9478-fb45eb01d54e,2026-05-18 10:47:05.7996978 +07:00,2026-05-18 13:01:01.8298164 +07:00,,APPROVED,bon_van_tien@colpal.com,2026-05-18,1,MIX,Nhựa PCR,1386NMIX01,N/A,106098VN11020029240M40443,M40443,6098VN1102,0,,N/A,N/A,N/A,0,,N/A,N/A,N/A,0,,N/A,,N/A,bon_van_tien@colpal.com,đã phê duyệt,dung_dang_viet@colpal.com,N/A,https://drive.google.com/file/d/1dXsMWOYSCLpPgj4ATMRpmZZZFabmpol_/view,,,,,,,,0,0,0,0
c5ec1ff7-b235-4167-9131-f93703bde350,2026-05-18 10:41:54.8233604 +07:00,2026-05-18 13:01:18.5524905 +07:00,,APPROVED,cuong_nguyen_quoc@colpal.com,2026-05-18,1,M07,SF_24RPP,1386NM0704,N/A,106098VN1102240M40443,M40443,6098VN1102,39,,106111VN1101240M38272,M38272,6111VN1101,61,,N/A,N/A,N/A,0,,N/A,,N/A,cuong_nguyen_quoc@colpal.com,đã phê duyệt,dung_dang_viet@colpal.com,N/A,https://drive.google.com/file/d/1BtSr2BKfSFFk9MnM7r2jK_0_dZly4jJ9/view,,,,,,,,0,48.5,75.9,0
f91eb705-4dbf-4200-acb9-102a6808ff77,2026-05-18 11:04:24.1028799 +07:00,2026-05-18 11:47:32.3414418 +07:00,,APPROVED,cuong_nguyen_quoc@colpal.com,2026-05-18,1,M08,PC_22,1386NM0803,N/A,106108VN1101240M41908,M41908,6108VN1101,40,,106111VN1101240M38272,M38272,6111VN1101,60,,N/A,N/A,N/A,0,,N/A,,N/A,cuong_nguyen_quoc@colpal.com,đã phê duyệt,minh_van_minh@colpal.com,N/A,https://drive.google.com/file/d/1bw-194ElppO7JgXKzDbp4cUTs17uSYNE/view,,,,,,,,0,53.9,80.8,0
31dc32a4-ded7-4244-8480-85bdf6e32149,2026-05-18 12:13:18.6066254 +07:00,2026-05-18 12:57:55.5164701 +07:00,,APPROVED,bin_nguyen_van@colpal.com,2026-05-18,1,M06,CCDC_11,1386NM0602,TRANG,106111VN1101240M38272,M38272,6111VN1101,52.21,,106098VN1102240M40443,M40443,6098VN1102,21.32,,106127VN1101240M37998,M37998,6127VN1101,1.47,,1366QN0102,,25kg recycle ,bin_nguyen_van@colpal.com,đã phê duyệt,dung_dang_viet@colpal.com,N/A,https://drive.google.com/file/d/1TpV09lGIhKQ9Y_kX-ndRDD46nmhpkGxJ/view,,,,,,,,25,52.21,21.32,1.47
ebea433c-e47c-4075-bed1-914a695346d8,2026-05-18 11:50:04.5337395 +07:00,2026-05-18 13:01:51.5525510 +07:00,,APPROVED,minh_van_minh@colpal.com,2026-05-18,1,N01,CCDC_11,1386NN0101,TRANG,N/A,N/A,N/A,0,0,N/A,N/A,N/A,0,,N/A,N/A,N/A,0,,N/A,N/A,N/A,minh_van_minh@colpal.com,đã phê duyệt,dung_dang_viet@colpal.com,N/A,https://drive.google.com/file/d/1aFF_v4ditur08pIuyp6AePbHzAuSexUF/view,,,,,,,,0,,0,0
f728667f-163a-4ae6-8704-f1287357fa0c,2026-05-18 12:39:01.1016689 +07:00,2026-05-18 12:57:10.6695952 +07:00,,APPROVED,cuong_nguyen_quoc@colpal.com,2026-05-18,1,M07,PRO_22CH,1386NM0705,N/A,106098VN110224M404430,M40443,6098VN1102,34,,106111VN1101240M38272,M38272,6111VN1101,66,,N/A,N/A,N/A,0,,N/A,,N/A,cuong_nguyen_quoc@colpal.com,đã phê duyệt,dung_dang_viet@colpal.com,N/A,https://drive.google.com/file/d/1wCCqSbI0RMtcTDaZkfVIAXG8_MaQU2VX/view,,,,,,,,0,45.8,88.7,0
8891927c-0563-4eb1-9c48-d3ecd2e590b7,2026-05-18 12:56:49.9315034 +07:00,2026-05-18 13:55:29.9313183 +07:00,,APPROVED,bin_nguyen_van@colpal.com,2026-05-18,1,M02,K5+,1386NM0202,TIM,106106VN1101240M43203,M43203,6106VN1101,86.37,,N/A,N/A,N/A,0,,106105VN1101240M25044,M25044,6105VN1101,59.02,,1356NN0201,,N/A,bin_nguyen_van@colpal.com,đã phê duyệt,dang_tran_van@colpal.com,N/A,https://drive.google.com/file/d/1hx7Co3u_s5GuhjlVL5W4UT1SFgcwJmbq/view,,,,,,,,35.5,0,0,0
acbe9dc0-8e30-40e5-8720-e44f826489a1,2026-05-18 12:52:32.4624412 +07:00,2026-05-18 13:00:29.6352139 +07:00,,APPROVED,cuong_nguyen_quoc@colpal.com,2026-05-18,1,M08,PC_22,1386NM0804,N/A,106108VN1101240M41908,M41908,6108VN1101,40,,106111VN1101240M38272,M38272,6111VN1101,60,,N/A,N/A,N/A,0,,N/A,,N/A,cuong_nguyen_quoc@colpal.com,đã phê duyệt,dung_dang_viet@colpal.com,N/A,https://drive.google.com/file/d/1IIhdkX5Gzvtyq5Cd32ih0uQSSrn0l-x2/view,,,,,,,,0,41.8,62.8,0
a71750bb-6a34-4810-bfca-92737f2f6bfc,2026-05-18 14:10:16.7133243 +07:00,2026-05-18 18:46:37.4850710 +07:00,,APPROVED,vinh_hoang_van@colpal.com,2026-05-18,2,M08,PC_22,1386PM0801,N/A,106108VN1101240M41908,M41908,6108VN1101,40,,106111VN1101240M38272,M38272,6111VN1101,60,,N/A,N/A,N/A,0,,N/A,,N/A,vinh_hoang_van@colpal.com,đã phê duyệt,dang_tran_van@colpal.com,N/A,https://drive.google.com/file/d/1Z5llTqI6wL0fmffCNGjlDkg03rVSq3jv/view,,,,,,,,0,49.9,74.8,0
eddd46ff-8c82-4c7e-b8a4-135fdd0b9183,2026-05-18 14:02:57.2141328 +07:00,2026-05-18 15:06:48.3396001 +07:00,,APPROVED,bin_nguyen_van@colpal.com,2026-05-18,2,M02,K5+,1386PM0201,TIM,106106VN1101240M43203,M43203,6106VN1101,86.37,,N/A,N/A,N/A,0,,106105VN1101240M25044,M25044,6105VN1101,59.02,,1356NN0201,,N/A,bin_nguyen_van@colpal.com,đã phê duyệt,cuong_nguyen_quoc@colpal.com,N/A,https://drive.google.com/file/d/1IEQf01Wcmb0hV8pyXcRq5B0P4eNgz7VS/view,,,,,,,,35.5,0,0,0
495cda7d-11d8-4f9c-a36c-2e6bddbe7839,2026-05-18 14:44:33.3049023 +07:00,2026-05-18 16:47:24.6900437 +07:00,,APPROVED,bin_nguyen_van@colpal.com,2026-05-18,2,M02,ZZ_25,1386PM0202,LA,106091VN1101M27839,M27839,6091VN1101,68.33,,N/A,N/A,N/A,0,,106069VN1101M38252,M38252,6069VN1101,58.5,,N/A,,N/A,bin_nguyen_van@colpal.com,đã phê duyệt,dang_tran_van@colpal.com,N/A,https://drive.google.com/file/d/1XvdQA7c4w3g2MZXw5dEHSUyP-tRsRe99/view,,,,,,,,0,0,0,0
81cbc1e6-4011-4f6f-b0b5-78f0e5ac4659,2026-05-18 14:58:24.9784856 +07:00,2026-05-18 16:46:36.2008497 +07:00,,APPROVED,vinh_hoang_van@colpal.com,2026-05-18,2,M07,PRO_22CH,1386PM0701,N/A,106098VN1102240M40443,M40443,6098VN1102,34,,106111VN1101240M38272,M38272,6111VN1101,66,,N/A,N/A,N/A,0,,N/A,,N/A,vinh_hoang_van@colpal.com,đã phê duyệt,dang_tran_van@colpal.com,N/A,https://drive.google.com/file/d/1Yy1mOIS8VNEqZXMlrGSZKTFDMXfpdfLD/view,,,,,,,,0,25.4,49.4,0
94530bf0-d343-474b-9c8a-1a6c9cc037ca,2026-05-18 15:10:32.1967314 +07:00,2026-05-18 15:19:53.9609142 +07:00,,APPROVED,vinh_hoang_van@colpal.com,2026-05-18,2,M07,CC_21,1386PM0702,N/A,106098VN1102240M40443,M40443,6098VN1102,40,,106111VN1101240M38272,M38272,6111VN1101,60,,N/A,N/A,N/A,0,,N/A,,N/A,vinh_hoang_van@colpal.com,đã phê duyệt,dang_tran_van@colpal.com,N/A,https://drive.google.com/file/d/19R0EHt9h0VDtSIjXtbr0IkjxGSAvBIPY/view,,,,,,,,0,49.9,74.9,0
d0a88080-8b75-43d6-8eac-0d21b7ec2a4b,2026-05-18 15:20:02.5370228 +07:00,2026-05-18 16:47:52.6038611 +07:00,,APPROVED,bin_nguyen_van@colpal.com,2026-05-18,2,M02,ZZ_25,1386PM0203,DUONG,106091VN1101M27839,M27839,6091VN1101,68.33,,N/A,N/A,N/A,0,,106110VN1101240M25064,M25064,6110VN1101,63.5,,N/A,,N/A,bin_nguyen_van@colpal.com,đã phê duyệt,dang_tran_van@colpal.com,N/A,https://drive.google.com/file/d/1i5RkL4hMTqorA7Wm73z1Iz85OGdJ2DZR/view,,,,,,,,0,0,0,0
7b9a3a5d-13f7-40d9-b3b4-40d05e070bcc,2026-05-18 16:09:12.0720155 +07:00,2026-05-18 19:00:29.8993781 +07:00,,APPROVED,vinh_hoang_van@colpal.com,2026-05-18,2,M07,CC_21,1386PM0703,N/A,106098VN1102240M40443,M40443,6098VN1102,40,,106111VN1101240M38272,M38272,6111VN1101,60,,N/A,N/A,N/A,0,,N/A,,N/A,vinh_hoang_van@colpal.com,đã phê duyệt,dang_tran_van@colpal.com,N/A,https://drive.google.com/file/d/1BzHe80dvb2crVqG-4qGRF1u2J3WDG2zC/view,,,,,,,,0,41.9,62.9,0
8981df21-f21c-48d0-a002-f1011f7141e8,2026-05-18 16:19:14.1119688 +07:00,2026-05-18 16:49:32.0066982 +07:00,,APPROVED,vinh_hoang_van@colpal.com,2026-05-18,2,M07,EC_22RPP,1386PM0704,N/A,106098VN1102240M40443,M40443,6098VN1102,40,,106111VN1101240M38272,M38272,6111VN1101,60,,N/A,N/A,N/A,0,,N/A,,N/A,vinh_hoang_van@colpal.com,đã phê duyệt,dang_tran_van@colpal.com,N/A,https://drive.google.com/file/d/1_EyA-q_w7EvxfnFr-rq-7lDd4Sjl0TjX/view,,,,,,,,0,46.1,69.2,0
a9670586-bd40-469f-8bf4-2e79f725d0e2,2026-05-18 15:51:51.4115059 +07:00,2026-05-18 16:48:25.2854168 +07:00,,APPROVED,bin_nguyen_van@colpal.com,2026-05-18,2,M02,ZZ_25,1386PM0204,DO,106091VN1101M27839,M27839,6091VN1101,68.33,,N/A,N/A,N/A,0,,106069VN1101240M41173,M41173,6069VN1101,76,,N/A,,N/A,bin_nguyen_van@colpal.com,đã phê duyệt,dang_tran_van@colpal.com,N/A,https://drive.google.com/file/d/13qhqh34zsPGFjKyc2Wn4nApEBfhn4PHR/view,,,,,,,,0,0,0,0
cf134ce8-ce39-4a56-b602-8f692a6b3fa8,2026-05-18 16:13:47.5033398 +07:00,2026-05-18 16:50:10.6906625 +07:00,,APPROVED,bin_nguyen_van@colpal.com,2026-05-18,2,M02,ZZCC_25,1386PM0205,DEN,106091VN1101M27839,M27839,6091VN1101,68.33,,N/A,N/A,N/A,0,,106110VN1101M36876,M36876,6110VN1101,37.04,,N/A,,N/A,bin_nguyen_van@colpal.com,đã phê duyệt,dang_tran_van@colpal.com,N/A,https://drive.google.com/file/d/1Oa3gw0b_eVzCSg7Yszs-lXecsakSDBmy/view,,,,,,,,0,0,0,0
1509fd5a-cd2d-43de-9804-0d74cf3e04d9,2026-05-18 17:08:37.4531432 +07:00,2026-05-18 19:12:41.4340934 +07:00,,APPROVED,vinh_hoang_van@colpal.com,2026-05-18,2,M07,TA_21,1386PM0705,N/A,106098VN1102240M40443,M40443,6098VN1102,50,,106111VN1101240M38272,M38272,6111VN1101,50,,N/A,N/A,N/A,0,,N/A,,N/A,vinh_hoang_van@colpal.com,đã phê duyệt,dang_tran_van@colpal.com,N/A,https://drive.google.com/file/d/1oz8CMLtToOYgTYG_7vdYOZdZyCERBJdJ/view,,,,,,,,0,62.3,62.3,0
217a9e67-189b-4e40-b99a-e1a93eb3d5fa,2026-05-18 16:55:37.1050955 +07:00,2026-05-18 20:51:19.1221103 +07:00,,APPROVED,bin_nguyen_van@colpal.com,2026-05-18,2,M02,PC_22,1386PM0206,TRANG,106110VN1102M38272,M38272,6110VN1102,86.69,,N/A,N/A,N/A,0,,106127VN1101240M37998,M37998,6127VN1101,51.2,,N/A,,N/A,bin_nguyen_van@colpal.com,đã phê duyệt,dang_tran_van@colpal.com,N/A,https://drive.google.com/file/d/1TZp5uUmYp_bL962dUbbgBQSL5jSENI3M/view,,,,,,,,0,0,0,0
860ffc58-24d0-4bb2-ac4a-36c70738f85c,2026-05-18 17:11:52.8952354 +07:00,2026-05-18 20:52:57.6064694 +07:00,,APPROVED,bin_nguyen_van@colpal.com,2026-05-18,2,M02,DA_22,1386PM0207,TRANG,106110VN1102M38272,M38272,6110VN1102,86.69,,N/A,N/A,N/A,0,,106127VN1101240M37998,M37998,6127VN1101,48.9,,N/A,,N/A,bin_nguyen_van@colpal.com,đã phê duyệt,dang_tran_van@colpal.com,N/A,https://drive.google.com/file/d/1G4O_g0i38n8bSUuCO6rs_9apZK--pUtT/view,,,,,,,,0,0,0,0
c64a90c9-9012-4da9-8505-2adc654070eb,2026-05-18 18:03:41.9637579 +07:00,2026-05-18 20:55:35.4438312 +07:00,,APPROVED,nhieu_nguyen_van@colpal.com,2026-05-18,2,M05,TW_23,1386PM0501,N/A,106073VN1101215M31520,M31520,6073VN1101,49.7,,106084VN1110215M40985,M40985,6084VN1110,22.0,,N/A,N/A,N/A,0,,N/A,,N/A,nhieu_nguyen_van@colpal.com,đã phê duyệt,dang_tran_van@colpal.com,N/A,https://drive.google.com/file/d/1tLbk5bCRUE7cWGYNEgdiyUJrjKzQpDj9/view,,,,,,,,0,0,0,0
36b11fca-12a6-4831-933a-761c55a76fd9,2026-05-18 19:45:05.1798112 +07:00,2026-05-18 20:58:15.3897436 +07:00,,CANCELED,tan_huynh_cong@colpal.com,2026-05-18,2,M02,CC_21,1386PM0208,TIM,,,,,,N/A,N/A,N/A,0,,N/A,N/A,N/A,0,,N/A,,N/A,tan_huynh_cong@colpal.com 2026-05-18 19:44:57,đã phê duyệt,dang_tran_van@colpal.com,N/A,https://drive.google.com/file/d/1ieR1COPpmCfpE16HBEE0hhb8JnNGcZmR/view,,,,,,,,0,,0,0
38a28562-683d-4ed7-9aff-e61f1af29227,2026-05-18 18:55:56.7692203 +07:00,2026-05-18 20:31:48.8772532 +07:00,,APPROVED,tan_huynh_cong@colpal.com,2026-05-18,2,M08,ZZCC_25,1386PM0802,N/A,106108VN1101240M41908,M41908,6108VN1101,75,,106111VN1101240M38272,M38272,6111VN1101,25,,N/A,N/A,N/A,0,,N/A,,N/A,tan_huynh_cong@colpal.com,đã phê duyệt,dang_tran_van@colpal.com,N/A,https://drive.google.com/file/d/1iDz8jheT7Qx8skBw3gYrUW2palX4hPUB/view,,,,,,,,0,116.2,38.7,0
48bca9bd-f623-4f58-9cb0-0e052679904e,2026-05-18 18:38:10.4350824 +07:00,2026-05-18 20:50:37.0271261 +07:00,,APPROVED,nhieu_nguyen_van@colpal.com,2026-05-18,2,M07,SF_24RPP,1386PM0708,N/A,106098VN1102240M40443,M40443,6098VN1102,39,,106111VN1101240M38272,M38272,6111VN1101,61,,N/A,N/A,N/A,0,,N/A,,N/A,nhieu_nguyen_van@colpal.com,đã phê duyệt,dang_tran_van@colpal.com,N/A,https://drive.google.com/file/d/1inGsf7lPMulLdAtnSFgD6bLZ-KRHOJ1A/view,,,,,,,,0,44.8,69.8,0
60742886-c13a-4c84-823d-318b2b47aad6,2026-05-18 21:11:26.8015872 +07:00,2026-05-18 22:02:44.5108020 +07:00,,APPROVED,tan_huynh_cong@colpal.com,2026-05-18,2,M02,DACC_20,1386PM0213,N/A,106110VN1102240M38272 ,M38272,6110VN1102,86.69,,106040VN1101240M44547,M44547,6040VN1101,19.87,,N/A,N/A,N/A,0,,N/A,,N/A,tan_huynh_cong@colpal.com,đã phê duyệt,tien_trung_tien@colpal.com,N/A,https://drive.google.com/file/d/1CrI1AQKawH8rc-uUvvVrAS5KIX1peu1w/view,,,,,,,,0,0,0,0
62dcd70d-89a3-4a22-bf41-ca0f01f7ad87,2026-05-18 20:50:36.6469771 +07:00,2026-05-18 22:03:46.6437166 +07:00,,CANCELED,tan_huynh_cong@colpal.com,2026-05-18,2,M02,DACC_20,1386PM0211,N/A,,,,,,N/A,N/A,N/A,0,,N/A,N/A,N/A,0,,N/A,,N/A,tan_huynh_cong@colpal.com 2026-05-18 20:50:26,đã phê duyệt,tien_trung_tien@colpal.com,N/A,https://drive.google.com/file/d/1rIwqetoWhgtxMenfKgOy5p_yHjtBctlc/view,,,,,,,,0,,0,0
6c524e22-fa18-4d1f-9aa3-c307f12ccc79,2026-05-18 19:39:37.4517301 +07:00,2026-05-18 20:52:09.9660007 +07:00,,APPROVED,nhieu_nguyen_van@colpal.com,2026-05-18,2,M08,PC_22,1386PM0804,N/A,106108VN1101240M41908,M41908,6108VN1101,40,,106111VN1101240M38272,M38272,6111VN1101,60,,N/A,N/A,N/A,0,,N/A,,N/A,nhieu_nguyen_van@colpal.com,đã phê duyệt,dang_tran_van@colpal.com,N/A,https://drive.google.com/file/d/1ePahcUeiBYg8fXib1Jc-_cxSZNxVLFX8/view,,,,,,,,0,49.8,74.7,0
6d9bf007-6e70-4eea-99c9-73ed1a6ffad9,2026-05-18 20:48:03.0071954 +07:00,2026-05-18 22:03:00.2460991 +07:00,,APPROVED,nhieu_nguyen_van@colpal.com,2026-05-18,2,M07,CC_21,1386PM0709,N/A,106119VN1101240M40443,M40443,6119VN1101,40,,106111VN1101240M38272,M38272,6111VN1101,60,,N/A,N/A,N/A,0,,N/A,,N/A,nhieu_nguyen_van@colpal.com,đã phê duyệt,tien_trung_tien@colpal.com,N/A,https://drive.google.com/file/d/1oAt8q3A_kL5lV6HY6OC91ver679UGdp4/view,,,,,,,,0,58.0,87.0,0
7e9e9ed0-7fa7-4151-873b-d09ddf9f7b15,2026-05-18 20:34:23.7655693 +07:00,2026-05-18 20:52:39.1136342 +07:00,,APPROVED,nhieu_nguyen_van@colpal.com,2026-05-18,2,M05,TWFH_25,1386PM0502,N/A,106073VN1101215M31520,M31520,6073VN1101,49.7,,106084VN1110215M40985,M40985,6084VN1110,51.2,,N/A,N/A,N/A,0,,N/A,,N/A,nhieu_nguyen_van@colpal.com,đã phê duyệt,dang_tran_van@colpal.com,N/A,https://drive.google.com/file/d/1hLVar0wxx8bs3f6tgf2duWTj-A-pGijZ/view,,,,,,,,0,0,0,0
97df566d-1549-41f3-b5e0-ac9b519d52cf,2026-05-18 19:01:04.7803090 +07:00,2026-05-18 20:32:15.3454138 +07:00,,APPROVED,tan_huynh_cong@colpal.com,2026-05-18,2,M08,ZZ_25,1386PM0803,N/A,106108VN1101240M41908,M41908,6108VN1101,75,,106111VN1101240M38272,M38272,6111VN1101,25,,N/A,N/A,N/A,0,,N/A,,N/A,tan_huynh_cong@colpal.com,đã phê duyệt,dang_tran_van@colpal.com,N/A,https://drive.google.com/file/d/1JBPg5pvyJH6uD03jSztt5nVzIN_oG_K1/view,,,,,,,,0,123.8,41.3,0
a22bd5f3-5c30-4a89-b40b-553e57edc6f5,2026-05-18 19:47:54.4022029 +07:00,2026-05-18 20:55:53.3151281 +07:00,,APPROVED,tan_huynh_cong@colpal.com,2026-05-18,2,M02,CC_21,1386PM0209,TIM,106110VN1102240M38272,M38272,6110VN1102,86.69,,N/A,N/A,N/A,0,,106114VN1101215M32083,M32083,6114VN1101,64.26,,N/A,,N/A,tan_huynh_cong@colpal.com,đã phê duyệt,dang_tran_van@colpal.com,N/A,https://drive.google.com/file/d/1JNGATG7IFoBUU7lWLLgIRNN9JpGT0a2W/view,,,,,,,,0,0,0,0
ca3cafce-5b35-4d68-a59a-96e258c8dabd,2026-05-18 20:53:27.6270434 +07:00,2026-05-18 21:01:14.2104184 +07:00,,APPROVED,tan_huynh_cong@colpal.com,2026-05-18,2,M02,DACC_20,1386PM0212,N/A,106110VN1102240M38272 ,M38272,6110VN1102,86.69,,106040VN1101240M44547,M44547,6040VN1101,19.87,,N/A,N/A,N/A,0,,N/A,,N/A,tan_huynh_cong@colpal.com,đã phê duyệt,dang_tran_van@colpal.com,N/A,https://drive.google.com/file/d/1QxUNdUPdIlqCs6q-HxVv5RHdCcz0AeE5/view,,,,,,,,0,0,0,0
ca74f5e3-0e7b-4013-9cb2-4f600b04b005,2026-05-18 20:17:36.2580502 +07:00,2026-05-18 22:00:46.1340339 +07:00,,APPROVED,tan_huynh_cong@colpal.com,2026-05-18,2,M02,CC_21,1386PM0210,LA,106110VN1102240M38272 ,M38272,6110VN1102,62.85,,N/A,N/A,N/A,0,,106069VN1101240M38252,M38252,6069VN1101,71.5,,N/A,,N/A,tan_huynh_cong@colpal.com,đã phê duyệt,tien_trung_tien@colpal.com,N/A,https://drive.google.com/file/d/1PL8whoDIocVMWi__rjgprTdLYixEdef7/view,,,,,,,,0,0,0,0
cf156159-4e0f-43f4-9fe0-ea14c595c14e,2026-05-18 18:24:40.7915839 +07:00,2026-05-18 20:53:52.0390600 +07:00,,APPROVED,tan_huynh_cong@colpal.com,2026-05-18,2,M03,TWFH_25,1386PM0301,HONG,106110VN1101240M33469,M33469,6110VN1101,66.30,,N/A,N/A,N/A,0,,106101VN1101240M44307,M44307,6101VN1101,93,,N/A,,N/A,tan_huynh_cong@colpal.com,đã phê duyệt,dang_tran_van@colpal.com,N/A,https://drive.google.com/file/d/1ME97zQxyYMF0vCZDiUXcyiHUQ-7VWcyA/view,,,,,,,,0,0,0,0
e8b19728-34b5-42e7-b689-e4161cffef7a,2026-05-18 18:08:28.0219536 +07:00,2026-05-18 20:54:50.5727288 +07:00,,CANCELED,nhieu_nguyen_van@colpal.com,2026-05-18,2,M07,TA_21,1386PM0706,N/A,,,,,,N/A,N/A,N/A,0,,N/A,N/A,N/A,0,,N/A,,N/A,nhieu_nguyen_van@colpal.com 2026-05-18 18:08:20,đã phê duyệt,dang_tran_van@colpal.com,N/A,https://drive.google.com/file/d/1kFKEzVUiqTe-5G3qowBNFi3fh0Vw56KD/view,,,,,,,,0,,0,0
f4208fbc-e46c-418c-a3e3-37738a4b4075,2026-05-18 18:11:14.7188237 +07:00,2026-05-18 21:01:26.4461910 +07:00,,APPROVED,nhieu_nguyen_van@colpal.com,2026-05-18,2,M07,TA_21,1386PM0707,N/A,106098VN1102240M40443,M40443,6098VN1102,50,,106111VN1101240M38272,M38272,6111VN1101,50,,N/A,N/A,N/A,0,,N/A,,N/A,nhieu_nguyen_van@colpal.com,đã phê duyệt,dang_tran_van@colpal.com,N/A,https://drive.google.com/file/d/1yM-5yKHNcLRjegzabEnUuWjMaF5xeyhr/view,,,,,,,,0,52.5,52.5,0
90f09945-d124-46fc-b4b8-10fc91a425da,2026-05-18 22:07:36.6452376 +07:00,2026-05-19 01:28:11.6281682 +07:00,,APPROVED,nhieu_nguyen_van@colpal.com,2026-05-18,3,M07,CC_21,1386QM0701,N/A,106119VN1101240M40443,M40443,6119VN1101,40,,106111VN1101240M38272,M38272,6111VN1101,60,,N/A,N/A,N/A,0,,N/A,,N/A,nhieu_nguyen_van@colpal.com,đã phê duyệt,tien_trung_tien@colpal.com,N/A,https://drive.google.com/file/d/1q1iO_CSSVkUievqAc7EzDBlJuGONaBnD/view,,,,,,,,0,58.0,87.0,0
c843c59a-ae6c-42d2-babb-2c65ccf80a84,2026-05-18 21:51:44.1179490 +07:00,2026-05-18 22:00:29.4863017 +07:00,,APPROVED,tan_huynh_cong@colpal.com,2026-05-18,2,M06,CCDC_11,1386PM0601,TRANG,106111VN1101240M38272,M38272,6111VN1101,52.21,,106098VN1102240M40443,M40443,6098VN1102,21.32,,106127VN1101240M37998,M37998,6127VN1101,1.47,,1386NN0101,,N/A,tan_huynh_cong@colpal.com,đã phê duyệt,tien_trung_tien@colpal.com,N/A,https://drive.google.com/file/d/1xMibpyNujMEnytuSeU_nX5YrHUuwU72e/view,,,,,,,,25,52.21,21.32,1.47
e23a5e6e-4c15-4377-8ef8-3950caf92e70,2026-05-18 22:34:12.1982571 +07:00,2026-05-19 01:52:24.9816415 +07:00,,APPROVED,nhieu_nguyen_van@colpal.com,2026-05-18,3,M07,EC_22RPP,1386QM0702,N/A,106119VN1101240M40443,M40443,6119VN1101,40,,106112VN1101240M38272,M38272,6112VN1101,60,,N/A,N/A,N/A,0,,N/A,,N/A,nhieu_nguyen_van@colpal.com,đã phê duyệt,tien_trung_tien@colpal.com,N/A,https://drive.google.com/file/d/18pcDSAvE2sYThJYdIzZZX3s3cobI_OQo/view,,,,,,,,0,42.0,63.0,0
2c0eb2e2-6edd-4f22-b075-03241395c0f3,2026-05-18 22:46:45.0282480 +07:00,2026-05-18 22:57:13.4137521 +07:00,,APPROVED,tan_huynh_cong@colpal.com,2026-05-18,3,M02,CP_09,1386QM0201,TRANG,106106VN1101240M43203,M43203,6106VN1101,86.37,,N/A,N/A,N/A,0,,106069VN1101215M19934,M19934,6069VN1101,34.2,,N/A,,N/A,tan_huynh_cong@colpal.com,đã phê duyệt,tien_trung_tien@colpal.com,N/A,https://drive.google.com/file/d/185y3GpjLiAIp4GOwPziZ2ZQb3LAZcHfm/view,,,,,,,,0,0,0,0
586f9f09-b27c-496e-9b90-bdac12177099,2026-05-18 23:12:41.8055351 +07:00,2026-05-19 03:04:22.6255294 +07:00,,APPROVED,tien_trung_tien@colpal.com,2026-05-18,3,N01,CCDC_11,1386QN0101,TRANG,N/A,N/A,N/A,0,0,N/A,N/A,N/A,0,,N/A,N/A,N/A,0,,N/A,N/A,N/A,tien_trung_tien@colpal.com,đã phê duyệt,vu_nguyen_minh@colpal.com,N/A,https://drive.google.com/file/d/1TYWc_mJkgUnfW6eds7LOiaUun3uInuIt/view,,,,,,,,0,,0,0
7e459b91-92f3-48c6-ac60-88b2f56b9ae9,2026-05-18 23:10:18.2167071 +07:00,2026-05-19 01:52:52.8867072 +07:00,,APPROVED,tan_huynh_cong@colpal.com,2026-05-18,3,M02,CP_09,1386QM0202,TRANG,106106VN1101240M43203,M43203,6106VN1101,86.37,,N/A,N/A,N/A,0,,106069VN1101215M19934,M19934,6069VN1101,34.2,,N/A,,N/A,tan_huynh_cong@colpal.com,đã phê duyệt,tien_trung_tien@colpal.com,N/A,https://drive.google.com/file/d/15CqknP1x8MrGKf7KbYa9JWc2FxFINpLo/view,,,,,,,,0,0,0,0
af932f49-00b3-4f11-bfa2-fbf0870b1a7b,2026-05-18 23:25:13.5671743 +07:00,2026-05-19 01:52:13.4204157 +07:00,,APPROVED,tan_huynh_cong@colpal.com,2026-05-18,3,M02,K5+,1386QM0203,TIM,106106VN1101240M43203,M43203,6106VN1101,86.37,,N/A,N/A,N/A,0,,106105VN1101240M25044,M25044,6105VN1101,59.02,,1356QN0201,,N/A,tan_huynh_cong@colpal.com,đã phê duyệt,tien_trung_tien@colpal.com,N/A,https://drive.google.com/file/d/1Xl1R0q84X7LUMQDnxnPbV4SNWkrGJbf4/view,,,,,,,,35.5,0,0,0
d1d8fd2c-bcc4-4f7a-81f7-4e1c671ef3ee,2026-05-18 23:05:26.8938781 +07:00,2026-05-19 04:43:05.2890823 +07:00,,APPROVED,nhieu_nguyen_van@colpal.com,2026-05-18,3,M07,PRO_22CH,1386QM0703,N/A,106119VN1101240M40443,M40443,6119VN1101,34,,106112VN1101240M38272,M38272,6112VN1101,66,,N/A,N/A,N/A,0,,N/A,,N/A,nhieu_nguyen_van@colpal.com,đã phê duyệt,vu_nguyen_minh@colpal.com,N/A,https://drive.google.com/file/d/1MunX6LPFuSzanhHmk8l_OATxjnwCn5_U/view,,,,,,,,0,32.2,62.6,0
588b9ab9-d123-4164-a97c-7d3db6a89b0c,2026-05-19 00:06:56.0089349 +07:00,2026-05-19 01:52:38.5409607 +07:00,,APPROVED,nhieu_nguyen_van@colpal.com,2026-05-18,3,M05,TW_23,1386QM0502,N/A,106073VN1101215M31520,M31520,6073VN1101,49.7,,106084VN1110215M40985,M40985,6084VN1110,22.0,,N/A,N/A,N/A,0,,N/A,,N/A,nhieu_nguyen_van@colpal.com,đã phê duyệt,tien_trung_tien@colpal.com,N/A,https://drive.google.com/file/d/19KN0u9ZmZWCBymnUhvGYb356VoYF4n4N/view,,,,,,,,0,0,0,0