Target Date,2026-06-02,,,,,,,,,,,
Target Shift,Ca 1,,,,,,,,,,,
colIdx,"{""jobId"":0,""status"":6,""createdAt"":7,""data.Máy"":19,""data.Ngày thực hiện"":21,""data.Ca"":-1,""data.Người thực hiện"":22,""data.Nhóm thực hiện"":23,""data.Kiểm_tra_Thông_tin_chung_Cụm_máy_có_kế_hoạch_hay_không"":24,""data.Phê_duyệt__Duyệt"":28}",,,,,,,,,,,
Master Set Size,18,,,,,,,,,,,
Master Data,"[""M07"",""M02"",""M03"",""M05"",""M06"",""N01"",""N02"",""N03"",""N04"",""NC"",""CDC1"",""CDC2"",""TAWI_AB1"",""TAWI_AB2"",""TAWI_AB3"",""TAWI_AB4"",""XNJB"",""M08""]",,,,,,,,,,,
,,,,,,,,,,,,
Row #,Machine,jobId,createdAt,data.Ngày thực hiện,data.Ca,Parsed DateStr,Parsed Shift,Match Date?,Match Shift?,Match Both?,Status,isCompleted
2,M08,6a07a64bdb309422f28daf83,Sat May 16 2026 06:03:39 GMT+0700 (Indochina Time),Sat May 16 2026 14:00:00 GMT+0700 (Indochina Time),empty,2026-05-16,Ca 1,FALSE,TRUE,FALSE,completed,TRUE
3,TAWI_AB3,6a07a69edb309422f28daf85,Sat May 16 2026 06:05:02 GMT+0700 (Indochina Time),Sat May 16 2026 14:00:00 GMT+0700 (Indochina Time),empty,2026-05-16,Ca 1,FALSE,TRUE,FALSE,completed,TRUE
4,TAWI_AB4,6a07a6badb309422f28daf86,Sat May 16 2026 06:05:30 GMT+0700 (Indochina Time),Sat May 16 2026 14:00:00 GMT+0700 (Indochina Time),empty,2026-05-16,Ca 1,FALSE,TRUE,FALSE,completed,TRUE
5,M06,6a07a6c711e27148f3cf5d0c,Sat May 16 2026 06:05:43 GMT+0700 (Indochina Time),Sat May 16 2026 14:00:00 GMT+0700 (Indochina Time),empty,2026-05-16,Ca 1,FALSE,TRUE,FALSE,completed,TRUE
6,XNJB,6a07a6d2db309422f28daf87,Sat May 16 2026 06:05:54 GMT+0700 (Indochina Time),Sat May 16 2026 14:00:00 GMT+0700 (Indochina Time),empty,2026-05-16,Ca 1,FALSE,TRUE,FALSE,completed,TRUE
7,M03,6a07a7bb11e27148f3cf5d0d,Sat May 16 2026 06:09:47 GMT+0700 (Indochina Time),Sat May 16 2026 14:00:00 GMT+0700 (Indochina Time),empty,2026-05-16,Ca 1,FALSE,TRUE,FALSE,completed,TRUE
8,M05,6a07a6ecdb309422f28daf88,Sat May 16 2026 06:06:20 GMT+0700 (Indochina Time),Sat May 16 2026 14:00:00 GMT+0700 (Indochina Time),empty,2026-05-16,Ca 1,FALSE,TRUE,FALSE,completed,TRUE
9,M07,6a07a717db309422f28daf89,Sat May 16 2026 06:07:03 GMT+0700 (Indochina Time),Sat May 16 2026 14:00:00 GMT+0700 (Indochina Time),empty,2026-05-16,Ca 1,FALSE,TRUE,FALSE,completed,TRUE
10,M02,6a07a7e211e27148f3cf5d0e,Sat May 16 2026 06:10:26 GMT+0700 (Indochina Time),Sat May 16 2026 14:00:00 GMT+0700 (Indochina Time),empty,2026-05-16,Ca 1,FALSE,TRUE,FALSE,completed,TRUE
11,TAWI_AB2,6a07a80811e27148f3cf5d0f,Sat May 16 2026 06:11:04 GMT+0700 (Indochina Time),Sat May 16 2026 14:00:00 GMT+0700 (Indochina Time),empty,2026-05-16,Ca 1,FALSE,TRUE,FALSE,completed,TRUE
12,CDC1,6a07a80826f990511c7b7044,Sat May 16 2026 06:11:04 GMT+0700 (Indochina Time),Sat May 16 2026 14:00:00 GMT+0700 (Indochina Time),empty,2026-05-16,Ca 1,FALSE,TRUE,FALSE,completed,TRUE
13,TAWI_AB1,6a07a83611e27148f3cf5d10,Sat May 16 2026 06:11:50 GMT+0700 (Indochina Time),Sat May 16 2026 14:00:00 GMT+0700 (Indochina Time),empty,2026-05-16,Ca 1,FALSE,TRUE,FALSE,completed,TRUE
14,CDC2,6a07a87126f990511c7b7045,Sat May 16 2026 06:12:49 GMT+0700 (Indochina Time),Sat May 16 2026 14:00:00 GMT+0700 (Indochina Time),empty,2026-05-16,Ca 1,FALSE,TRUE,FALSE,completed,TRUE
15,N01,6a07aa1e5f6fa9fffb33608f,Sat May 16 2026 06:19:58 GMT+0700 (Indochina Time),Sat May 16 2026 14:00:00 GMT+0700 (Indochina Time),empty,2026-05-16,Ca 1,FALSE,TRUE,FALSE,completed,TRUE
16,N02,6a07ab245f6fa9fffb336090,Sat May 16 2026 06:24:20 GMT+0700 (Indochina Time),Sat May 16 2026 14:00:00 GMT+0700 (Indochina Time),empty,2026-05-16,Ca 1,FALSE,TRUE,FALSE,completed,TRUE
17,N03,6a07abfe5f6fa9fffb336091,Sat May 16 2026 06:27:58 GMT+0700 (Indochina Time),Sat May 16 2026 14:00:00 GMT+0700 (Indochina Time),empty,2026-05-16,Ca 1,FALSE,TRUE,FALSE,completed,TRUE
18,N04,6a07acbc5f6fa9fffb336092,Sat May 16 2026 06:31:08 GMT+0700 (Indochina Time),Sat May 16 2026 14:00:00 GMT+0700 (Indochina Time),empty,2026-05-16,Ca 1,FALSE,TRUE,FALSE,completed,TRUE
19,NC,6a07ad206404d57a411f6052,Sat May 16 2026 06:32:48 GMT+0700 (Indochina Time),Sat May 16 2026 14:00:00 GMT+0700 (Indochina Time),empty,2026-05-16,Ca 1,FALSE,TRUE,FALSE,completed,TRUE
20,CDC1,6a0886c33082d3e28d4ad411,Sat May 16 2026 22:01:23 GMT+0700 (Indochina Time),Sat May 16 2026 14:00:00 GMT+0700 (Indochina Time),empty,2026-05-16,Ca 3,FALSE,FALSE,FALSE,completed,TRUE
21,TAWI_AB4,6a088758bead3eeed664ae33,Sat May 16 2026 22:03:52 GMT+0700 (Indochina Time),Sat May 16 2026 14:00:00 GMT+0700 (Indochina Time),empty,2026-05-16,Ca 3,FALSE,FALSE,FALSE,completed,TRUE
22,TAWI_AB3,6a088736bead3eeed664ae32,Sat May 16 2026 22:03:18 GMT+0700 (Indochina Time),Sat May 16 2026 14:00:00 GMT+0700 (Indochina Time),empty,2026-05-16,Ca 3,FALSE,FALSE,FALSE,completed,TRUE
23,M06,6a088731396a4e22f1c32e66,Sat May 16 2026 22:03:13 GMT+0700 (Indochina Time),Sat May 16 2026 14:00:00 GMT+0700 (Indochina Time),empty,2026-05-16,Ca 3,FALSE,FALSE,FALSE,completed,TRUE
24,CDC2,6a0886f6ef1b409e33edf9b8,Sat May 16 2026 22:02:14 GMT+0700 (Indochina Time),Sat May 16 2026 14:00:00 GMT+0700 (Indochina Time),empty,2026-05-16,Ca 3,FALSE,FALSE,FALSE,completed,TRUE
25,M08,6a088712bead3eeed664ae31,Sat May 16 2026 22:02:42 GMT+0700 (Indochina Time),Sat May 16 2026 14:00:00 GMT+0700 (Indochina Time),empty,2026-05-16,Ca 3,FALSE,FALSE,FALSE,completed,TRUE
26,TAWI_AB2,6a0887b3396a4e22f1c32e6a,Sat May 16 2026 22:05:23 GMT+0700 (Indochina Time),Sat May 16 2026 14:00:00 GMT+0700 (Indochina Time),empty,2026-05-16,Ca 3,FALSE,FALSE,FALSE,completed,TRUE
27,TAWI_AB1,6a088785396a4e22f1c32e68,Sat May 16 2026 22:04:37 GMT+0700 (Indochina Time),Sat May 16 2026 14:00:00 GMT+0700 (Indochina Time),empty,2026-05-16,Ca 3,FALSE,FALSE,FALSE,completed,TRUE
28,M02,6a08879f396a4e22f1c32e69,Sat May 16 2026 22:05:03 GMT+0700 (Indochina Time),Sat May 16 2026 14:00:00 GMT+0700 (Indochina Time),empty,2026-05-16,Ca 3,FALSE,FALSE,FALSE,completed,TRUE
29,M05,6a0887b6bead3eeed664ae35,Sat May 16 2026 22:05:26 GMT+0700 (Indochina Time),Sat May 16 2026 14:00:00 GMT+0700 (Indochina Time),empty,2026-05-16,Ca 3,FALSE,FALSE,FALSE,completed,TRUE
30,NC,6a0887bde8004b81f500caf2,Sat May 16 2026 22:05:33 GMT+0700 (Indochina Time),Sat May 16 2026 14:00:00 GMT+0700 (Indochina Time),empty,2026-05-16,Ca 3,FALSE,FALSE,FALSE,completed,TRUE
31,M07,6a0887d9bead3eeed664ae36,Sat May 16 2026 22:06:01 GMT+0700 (Indochina Time),Sat May 16 2026 14:00:00 GMT+0700 (Indochina Time),empty,2026-05-16,Ca 3,FALSE,FALSE,FALSE,completed,TRUE
32,N02,6a08890680016b962c670e3a,Sat May 16 2026 22:11:02 GMT+0700 (Indochina Time),Sat May 16 2026 14:00:00 GMT+0700 (Indochina Time),empty,2026-05-16,Ca 3,FALSE,FALSE,FALSE,completed,TRUE
33,N01,6a08893b80016b962c670e3b,Sat May 16 2026 22:11:55 GMT+0700 (Indochina Time),Sat May 16 2026 14:00:00 GMT+0700 (Indochina Time),empty,2026-05-16,Ca 3,FALSE,FALSE,FALSE,completed,TRUE
35,N04,6a08882f3bdff14e91c0b109,Sat May 16 2026 22:07:27 GMT+0700 (Indochina Time),Sat May 16 2026 14:00:00 GMT+0700 (Indochina Time),empty,2026-05-16,Ca 3,FALSE,FALSE,FALSE,completed,TRUE
36,M03,6a088759396a4e22f1c32e67,Sat May 16 2026 22:03:53 GMT+0700 (Indochina Time),Sat May 16 2026 14:00:00 GMT+0700 (Indochina Time),empty,2026-05-16,Ca 3,FALSE,FALSE,FALSE,completed,TRUE
37,XNJB,6a088779bead3eeed664ae34,Sat May 16 2026 22:04:25 GMT+0700 (Indochina Time),Sat May 16 2026 14:00:00 GMT+0700 (Indochina Time),empty,2026-05-16,Ca 3,FALSE,FALSE,FALSE,completed,TRUE
38,M06,6a0a48d1efa7d41feafe620e,Mon May 18 2026 20:01:37 GMT+0700 (Indochina Time),Mon May 18 2026 14:00:00 GMT+0700 (Indochina Time),empty,2026-05-18,Ca 1,FALSE,TRUE,FALSE,completed,TRUE
39,M08,6a0a48e4a201155f7566fc81,Mon May 18 2026 20:01:56 GMT+0700 (Indochina Time),Mon May 18 2026 14:00:00 GMT+0700 (Indochina Time),empty,2026-05-18,Ca 1,FALSE,TRUE,FALSE,completed,TRUE
40,TAWI_AB1,6a0a4911efa7d41feafe6210,Mon May 18 2026 20:02:41 GMT+0700 (Indochina Time),Mon May 18 2026 14:00:00 GMT+0700 (Indochina Time),empty,2026-05-18,Ca 1,FALSE,TRUE,FALSE,completed,TRUE
41,M05,6a0a492da201155f7566fc83,Mon May 18 2026 20:03:09 GMT+0700 (Indochina Time),Mon May 18 2026 14:00:00 GMT+0700 (Indochina Time),empty,2026-05-18,Ca 1,FALSE,TRUE,FALSE,completed,TRUE
42,TAWI_AB3,6a0a494ca201155f7566fc84,Mon May 18 2026 20:03:40 GMT+0700 (Indochina Time),Mon May 18 2026 14:00:00 GMT+0700 (Indochina Time),empty,2026-05-18,Ca 1,FALSE,TRUE,FALSE,completed,TRUE
43,M02,6a0a494eefa7d41feafe6211,Mon May 18 2026 20:03:42 GMT+0700 (Indochina Time),Mon May 18 2026 14:00:00 GMT+0700 (Indochina Time),empty,2026-05-18,Ca 1,FALSE,TRUE,FALSE,completed,TRUE
44,TAWI_AB2,6a0a4964efa7d41feafe6212,Mon May 18 2026 20:04:04 GMT+0700 (Indochina Time),Mon May 18 2026 14:00:00 GMT+0700 (Indochina Time),empty,2026-05-18,Ca 1,FALSE,TRUE,FALSE,completed,TRUE
45,TAWI_AB4,6a0a496ca201155f7566fc85,Mon May 18 2026 20:04:12 GMT+0700 (Indochina Time),Mon May 18 2026 14:00:00 GMT+0700 (Indochina Time),empty,2026-05-18,Ca 1,FALSE,TRUE,FALSE,completed,TRUE
46,CDC1,6a0a48856301812a847b8588,Mon May 18 2026 20:00:21 GMT+0700 (Indochina Time),Mon May 18 2026 14:00:00 GMT+0700 (Indochina Time),empty,2026-05-18,Ca 1,FALSE,TRUE,FALSE,completed,TRUE
47,N01,6a0a49ad8166da19a5793753,Mon May 18 2026 20:05:17 GMT+0700 (Indochina Time),Mon May 18 2026 14:00:00 GMT+0700 (Indochina Time),empty,2026-05-18,Ca 1,FALSE,TRUE,FALSE,completed,TRUE
48,N02,6a0a49e78166da19a5793754,Mon May 18 2026 20:06:15 GMT+0700 (Indochina Time),Mon May 18 2026 14:00:00 GMT+0700 (Indochina Time),empty,2026-05-18,Ca 1,FALSE,TRUE,FALSE,completed,TRUE
49,XNJB,6a0a498ca201155f7566fc86,Mon May 18 2026 20:04:44 GMT+0700 (Indochina Time),Mon May 18 2026 14:00:00 GMT+0700 (Indochina Time),empty,2026-05-18,Ca 1,FALSE,TRUE,FALSE,completed,TRUE
50,N04,6a0a4a3a8166da19a5793756,Mon May 18 2026 20:07:38 GMT+0700 (Indochina Time),Mon May 18 2026 14:00:00 GMT+0700 (Indochina Time),empty,2026-05-18,Ca 1,FALSE,TRUE,FALSE,completed,TRUE
51,M07,6a0a490ba201155f7566fc82,Mon May 18 2026 20:02:35 GMT+0700 (Indochina Time),Mon May 18 2026 14:00:00 GMT+0700 (Indochina Time),empty,2026-05-18,Ca 1,FALSE,TRUE,FALSE,completed,TRUE
52,N03,6a0a4a088166da19a5793755,Mon May 18 2026 20:06:48 GMT+0700 (Indochina Time),Mon May 18 2026 14:00:00 GMT+0700 (Indochina Time),empty,2026-05-18,Ca 1,FALSE,TRUE,FALSE,completed,TRUE
53,CDC2,6a0a48a46301812a847b8589,Mon May 18 2026 20:00:52 GMT+0700 (Indochina Time),Mon May 18 2026 14:00:00 GMT+0700 (Indochina Time),empty,2026-05-18,Ca 1,FALSE,TRUE,FALSE,completed,TRUE
54,M03,6a0a48fbefa7d41feafe620f,Mon May 18 2026 20:02:19 GMT+0700 (Indochina Time),Mon May 18 2026 14:00:00 GMT+0700 (Indochina Time),empty,2026-05-18,Ca 1,FALSE,TRUE,FALSE,completed,TRUE
55,NC,6a0a9bc1b51cd37d0060be15,Tue May 19 2026 01:55:29 GMT+0700 (Indochina Time),Mon May 18 2026 14:00:00 GMT+0700 (Indochina Time),empty,2026-05-18,Ca 1,FALSE,TRUE,FALSE,completed,TRUE
56,M06,6a0ab8b530f93a82fefe0a22,Tue May 19 2026 03:59:01 GMT+0700 (Indochina Time),Mon May 18 2026 14:00:00 GMT+0700 (Indochina Time),empty,2026-05-18,Ca 2,FALSE,FALSE,FALSE,completed,TRUE
58,CDC1,6a0ab9019683f9a6a0f1577d,Tue May 19 2026 04:00:17 GMT+0700 (Indochina Time),Mon May 18 2026 14:00:00 GMT+0700 (Indochina Time),empty,2026-05-18,Ca 2,FALSE,FALSE,FALSE,completed,TRUE
59,M06,6a0ab8ff2c22943644e917c1,Tue May 19 2026 04:00:15 GMT+0700 (Indochina Time),Mon May 18 2026 14:00:00 GMT+0700 (Indochina Time),empty,2026-05-18,Ca 2,FALSE,FALSE,FALSE,completed,TRUE
60,M08,6a0ab8ff5b124d52af6e1143,Tue May 19 2026 04:00:15 GMT+0700 (Indochina Time),Mon May 18 2026 14:00:00 GMT+0700 (Indochina Time),empty,2026-05-18,Ca 2,FALSE,FALSE,FALSE,completed,TRUE
61,M03,6a0ab91a2c22943644e917c2,Tue May 19 2026 04:00:42 GMT+0700 (Indochina Time),Mon May 18 2026 14:00:00 GMT+0700 (Indochina Time),empty,2026-05-18,Ca 2,FALSE,FALSE,FALSE,completed,TRUE
62,TAWI_AB1,6a0ab9362c22943644e917c3,Tue May 19 2026 04:01:10 GMT+0700 (Indochina Time),Mon May 18 2026 14:00:00 GMT+0700 (Indochina Time),empty,2026-05-18,Ca 2,FALSE,FALSE,FALSE,completed,TRUE
63,TAWI_AB3,6a0ab93a5b124d52af6e1144,Tue May 19 2026 04:01:14 GMT+0700 (Indochina Time),Mon May 18 2026 14:00:00 GMT+0700 (Indochina Time),empty,2026-05-18,Ca 2,FALSE,FALSE,FALSE,completed,TRUE
64,NC,6a0ab94c6699d61548aab8fb,Tue May 19 2026 04:01:32 GMT+0700 (Indochina Time),Mon May 18 2026 14:00:00 GMT+0700 (Indochina Time),empty,2026-05-18,Ca 2,FALSE,FALSE,FALSE,completed,TRUE
65,M02,6a0ab94f2c22943644e917c4,Tue May 19 2026 04:01:35 GMT+0700 (Indochina Time),Mon May 18 2026 14:00:00 GMT+0700 (Indochina Time),empty,2026-05-18,Ca 2,FALSE,FALSE,FALSE,completed,TRUE
66,TAWI_AB4,6a0ab9585b124d52af6e1145,Tue May 19 2026 04:01:44 GMT+0700 (Indochina Time),Mon May 18 2026 14:00:00 GMT+0700 (Indochina Time),empty,2026-05-18,Ca 2,FALSE,FALSE,FALSE,completed,TRUE
67,TAWI_AB2,6a0ab96a2c22943644e917c5,Tue May 19 2026 04:02:02 GMT+0700 (Indochina Time),Mon May 18 2026 14:00:00 GMT+0700 (Indochina Time),empty,2026-05-18,Ca 2,FALSE,FALSE,FALSE,completed,TRUE
68,XNJB,6a0ab9775b124d52af6e1146,Tue May 19 2026 04:02:15 GMT+0700 (Indochina Time),Mon May 18 2026 14:00:00 GMT+0700 (Indochina Time),empty,2026-05-18,Ca 2,FALSE,FALSE,FALSE,completed,TRUE
69,N04,6a0ab9786699d61548aab8fc,Tue May 19 2026 04:02:16 GMT+0700 (Indochina Time),Mon May 18 2026 14:00:00 GMT+0700 (Indochina Time),empty,2026-05-18,Ca 2,FALSE,FALSE,FALSE,completed,TRUE
70,M05,6a0ab9985b124d52af6e1147,Tue May 19 2026 04:02:48 GMT+0700 (Indochina Time),Mon May 18 2026 14:00:00 GMT+0700 (Indochina Time),empty,2026-05-18,Ca 2,FALSE,FALSE,FALSE,completed,TRUE
71,M07,6a0ab9b75b124d52af6e1148,Tue May 19 2026 04:03:19 GMT+0700 (Indochina Time),Mon May 18 2026 14:00:00 GMT+0700 (Indochina Time),empty,2026-05-18,Ca 2,FALSE,FALSE,FALSE,completed,TRUE
72,CDC2,6a0ab9ce23829c444e95c7e4,Tue May 19 2026 04:03:42 GMT+0700 (Indochina Time),Mon May 18 2026 14:00:00 GMT+0700 (Indochina Time),empty,2026-05-18,Ca 2,FALSE,FALSE,FALSE,completed,TRUE
73,N03,6a0ab9cc6699d61548aab8fd,Tue May 19 2026 04:03:40 GMT+0700 (Indochina Time),Mon May 18 2026 14:00:00 GMT+0700 (Indochina Time),empty,2026-05-18,Ca 2,FALSE,FALSE,FALSE,completed,TRUE
74,N02,6a0aba416699d61548aab8fe,Tue May 19 2026 04:05:37 GMT+0700 (Indochina Time),Mon May 18 2026 14:00:00 GMT+0700 (Indochina Time),empty,2026-05-18,Ca 2,FALSE,FALSE,FALSE,completed,TRUE
75,N01,6a0aba9d6699d61548aab8ff,Tue May 19 2026 04:07:09 GMT+0700 (Indochina Time),Mon May 18 2026 14:00:00 GMT+0700 (Indochina Time),empty,2026-05-18,Ca 2,FALSE,FALSE,FALSE,completed,TRUE
78,M08,6a0b2991f71aab462838b83b,Tue May 19 2026 12:00:33 GMT+0700 (Indochina Time),Mon May 18 2026 14:00:00 GMT+0700 (Indochina Time),empty,2026-05-18,Ca 3,FALSE,FALSE,FALSE,completed,TRUE
79,TAWI_AB3,6a0b29aaf71aab462838b83c,Tue May 19 2026 12:00:58 GMT+0700 (Indochina Time),Mon May 18 2026 14:00:00 GMT+0700 (Indochina Time),empty,2026-05-18,Ca 3,FALSE,FALSE,FALSE,completed,TRUE
81,TAWI_AB4,6a0b29c4f71aab462838b83d,Tue May 19 2026 12:01:24 GMT+0700 (Indochina Time),Mon May 18 2026 14:00:00 GMT+0700 (Indochina Time),empty,2026-05-18,Ca 3,FALSE,FALSE,FALSE,completed,TRUE
82,XNJB,6a0b29e0f71aab462838b83e,Tue May 19 2026 12:01:52 GMT+0700 (Indochina Time),Mon May 18 2026 14:00:00 GMT+0700 (Indochina Time),empty,2026-05-18,Ca 3,FALSE,FALSE,FALSE,completed,TRUE
83,M05,6a0b29fbf71aab462838b83f,Tue May 19 2026 12:02:19 GMT+0700 (Indochina Time),Mon May 18 2026 14:00:00 GMT+0700 (Indochina Time),empty,2026-05-18,Ca 3,FALSE,FALSE,FALSE,completed,TRUE
84,M07,6a0b2a4af71aab462838b840,Tue May 19 2026 12:03:38 GMT+0700 (Indochina Time),Mon May 18 2026 14:00:00 GMT+0700 (Indochina Time),empty,2026-05-18,Ca 3,FALSE,FALSE,FALSE,completed,TRUE
85,CDC1,6a0b2a700a96dd24a75888fd,Tue May 19 2026 12:04:16 GMT+0700 (Indochina Time),Mon May 18 2026 14:00:00 GMT+0700 (Indochina Time),empty,2026-05-18,Ca 3,FALSE,FALSE,FALSE,completed,TRUE
86,M06,6a0b2a7e60a5db3686d5e36d,Tue May 19 2026 12:04:30 GMT+0700 (Indochina Time),Mon May 18 2026 14:00:00 GMT+0700 (Indochina Time),empty,2026-05-18,Ca 3,FALSE,FALSE,FALSE,completed,TRUE
87,M03,6a0b2aa560a5db3686d5e36e,Tue May 19 2026 12:05:09 GMT+0700 (Indochina Time),Mon May 18 2026 14:00:00 GMT+0700 (Indochina Time),empty,2026-05-18,Ca 3,FALSE,FALSE,FALSE,completed,TRUE
88,CDC2,6a0b2ac30a96dd24a75888fe,Tue May 19 2026 12:05:39 GMT+0700 (Indochina Time),Mon May 18 2026 14:00:00 GMT+0700 (Indochina Time),empty,2026-05-18,Ca 3,FALSE,FALSE,FALSE,completed,TRUE
89,M02,6a0b2acc60a5db3686d5e36f,Tue May 19 2026 12:05:48 GMT+0700 (Indochina Time),Mon May 18 2026 14:00:00 GMT+0700 (Indochina Time),empty,2026-05-18,Ca 3,FALSE,FALSE,FALSE,completed,TRUE
90,TAWI_AB2,6a0b2aee60a5db3686d5e370,Tue May 19 2026 12:06:22 GMT+0700 (Indochina Time),Mon May 18 2026 14:00:00 GMT+0700 (Indochina Time),empty,2026-05-18,Ca 3,FALSE,FALSE,FALSE,completed,TRUE
91,TAWI_AB1,6a0b2b1160a5db3686d5e371,Tue May 19 2026 12:06:57 GMT+0700 (Indochina Time),Mon May 18 2026 14:00:00 GMT+0700 (Indochina Time),empty,2026-05-18,Ca 3,FALSE,FALSE,FALSE,completed,TRUE
92,N01,6a0b2bad0a96dd24a75888ff,Tue May 19 2026 12:09:33 GMT+0700 (Indochina Time),Mon May 18 2026 14:00:00 GMT+0700 (Indochina Time),empty,2026-05-18,Ca 3,FALSE,FALSE,FALSE,completed,TRUE
93,N02,6a0b2cc95297064953f72567,Tue May 19 2026 12:14:17 GMT+0700 (Indochina Time),Mon May 18 2026 14:00:00 GMT+0700 (Indochina Time),empty,2026-05-18,Ca 3,FALSE,FALSE,FALSE,completed,TRUE
94,N03,6a0b2dca41c8ddf8dd4a8e10,Tue May 19 2026 12:18:34 GMT+0700 (Indochina Time),Mon May 18 2026 14:00:00 GMT+0700 (Indochina Time),empty,2026-05-18,Ca 3,FALSE,FALSE,FALSE,completed,TRUE
95,N04,6a0b2eec0e8763fc291b3a77,Tue May 19 2026 12:23:24 GMT+0700 (Indochina Time),Mon May 18 2026 14:00:00 GMT+0700 (Indochina Time),empty,2026-05-18,Ca 3,FALSE,FALSE,FALSE,completed,TRUE
96,NC,6a0b2f440e8763fc291b3a78,Tue May 19 2026 12:24:52 GMT+0700 (Indochina Time),Mon May 18 2026 14:00:00 GMT+0700 (Indochina Time),empty,2026-05-18,Ca 3,FALSE,FALSE,FALSE,completed,TRUE
97,M02,6a0b9b0779b84ca5d464fe66,Tue May 19 2026 20:04:39 GMT+0700 (Indochina Time),Tue May 19 2026 14:00:00 GMT+0700 (Indochina Time),empty,2026-05-19,Ca 1,FALSE,TRUE,FALSE,completed,TRUE
98,CDC2,6a0b9a503f9a8d5406cdcf1f,Tue May 19 2026 20:01:36 GMT+0700 (Indochina Time),Tue May 19 2026 14:00:00 GMT+0700 (Indochina Time),empty,2026-05-19,Ca 1,FALSE,TRUE,FALSE,completed,TRUE
99,M05,6a0b9a5dc423c53e787a2795,Tue May 19 2026 20:01:49 GMT+0700 (Indochina Time),Tue May 19 2026 14:00:00 GMT+0700 (Indochina Time),empty,2026-05-19,Ca 1,FALSE,TRUE,FALSE,completed,TRUE
100,NC,6a0b9a512ccc1ca8a73f1e01,Tue May 19 2026 20:01:37 GMT+0700 (Indochina Time),Tue May 19 2026 14:00:00 GMT+0700 (Indochina Time),empty,2026-05-19,Ca 1,FALSE,TRUE,FALSE,completed,TRUE
101,N02,6a0b9a8e2ccc1ca8a73f1e03,Tue May 19 2026 20:02:38 GMT+0700 (Indochina Time),Tue May 19 2026 14:00:00 GMT+0700 (Indochina Time),empty,2026-05-19,Ca 1,FALSE,TRUE,FALSE,completed,TRUE
102,M03,6a0b9a7179b84ca5d464fe64,Tue May 19 2026 20:02:09 GMT+0700 (Indochina Time),Tue May 19 2026 14:00:00 GMT+0700 (Indochina Time),empty,2026-05-19,Ca 1,FALSE,TRUE,FALSE,completed,TRUE
103,N03,6a0b9ab82ccc1ca8a73f1e04,Tue May 19 2026 20:03:20 GMT+0700 (Indochina Time),Tue May 19 2026 14:00:00 GMT+0700 (Indochina Time),empty,2026-05-19,Ca 1,FALSE,TRUE,FALSE,completed,TRUE
104,N04,6a0b9ace2ccc1ca8a73f1e05,Tue May 19 2026 20:03:42 GMT+0700 (Indochina Time),Tue May 19 2026 14:00:00 GMT+0700 (Indochina Time),empty,2026-05-19,Ca 1,FALSE,TRUE,FALSE,completed,TRUE
105,N01,6a0b9a712ccc1ca8a73f1e02,Tue May 19 2026 20:02:09 GMT+0700 (Indochina Time),Tue May 19 2026 14:00:00 GMT+0700 (Indochina Time),empty,2026-05-19,Ca 1,FALSE,TRUE,FALSE,completed,TRUE
106,CDC2,6a0b9ad27954b70b7cb61c6b,Tue May 19 2026 20:03:46 GMT+0700 (Indochina Time),Tue May 19 2026 14:00:00 GMT+0700 (Indochina Time),empty,2026-05-19,Ca 1,FALSE,TRUE,FALSE,completed,TRUE
107,TAWI_AB4,6a0b9aa8c423c53e787a2797,Tue May 19 2026 20:03:04 GMT+0700 (Indochina Time),Tue May 19 2026 14:00:00 GMT+0700 (Indochina Time),empty,2026-05-19,Ca 1,FALSE,TRUE,FALSE,completed,TRUE
108,TAWI_AB3,6a0b9a82c423c53e787a2796,Tue May 19 2026 20:02:26 GMT+0700 (Indochina Time),Tue May 19 2026 14:00:00 GMT+0700 (Indochina Time),empty,2026-05-19,Ca 1,FALSE,TRUE,FALSE,completed,TRUE
109,XNJB,6a0b9acfc423c53e787a2798,Tue May 19 2026 20:03:43 GMT+0700 (Indochina Time),Tue May 19 2026 14:00:00 GMT+0700 (Indochina Time),empty,2026-05-19,Ca 1,FALSE,TRUE,FALSE,completed,TRUE
110,TAWI_AB2,6a0b9b2879b84ca5d464fe67,Tue May 19 2026 20:05:12 GMT+0700 (Indochina Time),Tue May 19 2026 14:00:00 GMT+0700 (Indochina Time),empty,2026-05-19,Ca 1,FALSE,TRUE,FALSE,completed,TRUE
111,TAWI_AB1,6a0b9aa979b84ca5d464fe65,Tue May 19 2026 20:03:05 GMT+0700 (Indochina Time),Tue May 19 2026 14:00:00 GMT+0700 (Indochina Time),empty,2026-05-19,Ca 1,FALSE,TRUE,FALSE,completed,TRUE
112,M07,6a0b9a39c423c53e787a2794,Tue May 19 2026 20:01:13 GMT+0700 (Indochina Time),Tue May 19 2026 14:00:00 GMT+0700 (Indochina Time),empty,2026-05-19,Ca 1,FALSE,TRUE,FALSE,completed,TRUE
113,M08,6a0b9a0fc423c53e787a2793,Tue May 19 2026 20:00:31 GMT+0700 (Indochina Time),Tue May 19 2026 14:00:00 GMT+0700 (Indochina Time),empty,2026-05-19,Ca 1,FALSE,TRUE,FALSE,completed,TRUE
114,M06,6a0b9a4979b84ca5d464fe63,Tue May 19 2026 20:01:29 GMT+0700 (Indochina Time),Tue May 19 2026 14:00:00 GMT+0700 (Indochina Time),empty,2026-05-19,Ca 1,FALSE,TRUE,FALSE,completed,TRUE
115,CDC1,6a0bc11fee7ec472f088204b,Tue May 19 2026 22:47:11 GMT+0700 (Indochina Time),Tue May 19 2026 14:00:00 GMT+0700 (Indochina Time),empty,2026-05-19,Ca 1,FALSE,TRUE,FALSE,completed,TRUE
116,CDC1,6a0c0b40849beb68c818869f,Wed May 20 2026 04:03:28 GMT+0700 (Indochina Time),Tue May 19 2026 14:00:00 GMT+0700 (Indochina Time),empty,2026-05-19,Ca 2,FALSE,FALSE,FALSE,completed,TRUE
117,NC,6a0c0db78a09c00e8de97310,Wed May 20 2026 04:13:59 GMT+0700 (Indochina Time),Tue May 19 2026 14:00:00 GMT+0700 (Indochina Time),empty,2026-05-19,Ca 2,FALSE,FALSE,FALSE,completed,TRUE
118,M08,6a0c0de77122c5801665fa4c,Wed May 20 2026 04:14:47 GMT+0700 (Indochina Time),Tue May 19 2026 14:00:00 GMT+0700 (Indochina Time),empty,2026-05-19,Ca 2,FALSE,FALSE,FALSE,completed,TRUE
119,TAWI_AB3,6a0c0e087122c5801665fa4d,Wed May 20 2026 04:15:20 GMT+0700 (Indochina Time),Tue May 19 2026 14:00:00 GMT+0700 (Indochina Time),empty,2026-05-19,Ca 2,FALSE,FALSE,FALSE,completed,TRUE
120,M06,6a0c0e1279b84ca5d464fe6c,Wed May 20 2026 04:15:30 GMT+0700 (Indochina Time),Tue May 19 2026 14:00:00 GMT+0700 (Indochina Time),empty,2026-05-19,Ca 2,FALSE,FALSE,FALSE,completed,TRUE
121,TAWI_AB4,6a0c0e2d7122c5801665fa4e,Wed May 20 2026 04:15:57 GMT+0700 (Indochina Time),Tue May 19 2026 14:00:00 GMT+0700 (Indochina Time),empty,2026-05-19,Ca 2,FALSE,FALSE,FALSE,completed,TRUE
122,M03,6a0c0e2d79b84ca5d464fe6d,Wed May 20 2026 04:15:57 GMT+0700 (Indochina Time),Tue May 19 2026 14:00:00 GMT+0700 (Indochina Time),empty,2026-05-19,Ca 2,FALSE,FALSE,FALSE,completed,TRUE
123,CDC2,6a0c0e3f0814b62fcc38b22e,Wed May 20 2026 04:16:15 GMT+0700 (Indochina Time),Tue May 19 2026 14:00:00 GMT+0700 (Indochina Time),empty,2026-05-19,Ca 2,FALSE,FALSE,FALSE,completed,TRUE
124,N04,6a0c0e2e8a09c00e8de97311,Wed May 20 2026 04:15:58 GMT+0700 (Indochina Time),Tue May 19 2026 14:00:00 GMT+0700 (Indochina Time),empty,2026-05-19,Ca 2,FALSE,FALSE,FALSE,completed,TRUE
125,TAWI_AB1,6a0c0e4579b84ca5d464fe6e,Wed May 20 2026 04:16:21 GMT+0700 (Indochina Time),Tue May 19 2026 14:00:00 GMT+0700 (Indochina Time),empty,2026-05-19,Ca 2,FALSE,FALSE,FALSE,completed,TRUE
126,XNJB,6a0c0e487122c5801665fa4f,Wed May 20 2026 04:16:24 GMT+0700 (Indochina Time),Tue May 19 2026 14:00:00 GMT+0700 (Indochina Time),empty,2026-05-19,Ca 2,FALSE,FALSE,FALSE,completed,TRUE
127,M05,6a0c0e797122c5801665fa50,Wed May 20 2026 04:17:13 GMT+0700 (Indochina Time),Tue May 19 2026 14:00:00 GMT+0700 (Indochina Time),empty,2026-05-19,Ca 2,FALSE,FALSE,FALSE,completed,TRUE
128,M07,6a0c0e977122c5801665fa51,Wed May 20 2026 04:17:43 GMT+0700 (Indochina Time),Tue May 19 2026 14:00:00 GMT+0700 (Indochina Time),empty,2026-05-19,Ca 2,FALSE,FALSE,FALSE,completed,TRUE
129,M02,6a0c0e6679b84ca5d464fe6f,Wed May 20 2026 04:16:54 GMT+0700 (Indochina Time),Tue May 19 2026 14:00:00 GMT+0700 (Indochina Time),empty,2026-05-19,Ca 2,FALSE,FALSE,FALSE,completed,TRUE
130,N03,6a0c0ea28a09c00e8de97312,Wed May 20 2026 04:17:54 GMT+0700 (Indochina Time),Tue May 19 2026 14:00:00 GMT+0700 (Indochina Time),empty,2026-05-19,Ca 2,FALSE,FALSE,FALSE,completed,TRUE
131,TAWI_AB2,6a0c0ecc79b84ca5d464fe70,Wed May 20 2026 04:18:36 GMT+0700 (Indochina Time),Tue May 19 2026 14:00:00 GMT+0700 (Indochina Time),empty,2026-05-19,Ca 2,FALSE,FALSE,FALSE,completed,TRUE
132,N02,6a0c0f818a09c00e8de97313,Wed May 20 2026 04:21:37 GMT+0700 (Indochina Time),Tue May 19 2026 14:00:00 GMT+0700 (Indochina Time),empty,2026-05-19,Ca 2,FALSE,FALSE,FALSE,completed,TRUE
133,N01,6a0c10008a09c00e8de97314,Wed May 20 2026 04:23:44 GMT+0700 (Indochina Time),Tue May 19 2026 14:00:00 GMT+0700 (Indochina Time),empty,2026-05-19,Ca 2,FALSE,FALSE,FALSE,completed,TRUE
135,M08,6a0c7b8ef3ce445280b9136b,Wed May 20 2026 12:02:38 GMT+0700 (Indochina Time),Tue May 19 2026 14:00:00 GMT+0700 (Indochina Time),empty,2026-05-19,Ca 3,FALSE,FALSE,FALSE,completed,TRUE
137,TAWI_AB3,6a0c7bb0f3ce445280b9136c,Wed May 20 2026 12:03:12 GMT+0700 (Indochina Time),Tue May 19 2026 14:00:00 GMT+0700 (Indochina Time),empty,2026-05-19,Ca 3,FALSE,FALSE,FALSE,completed,TRUE
138,TAWI_AB4,6a0c7bcdf3ce445280b9136d,Wed May 20 2026 12:03:41 GMT+0700 (Indochina Time),Tue May 19 2026 14:00:00 GMT+0700 (Indochina Time),empty,2026-05-19,Ca 3,FALSE,FALSE,FALSE,completed,TRUE
139,XNJB,6a0c7be3f3ce445280b9136e,Wed May 20 2026 12:04:03 GMT+0700 (Indochina Time),Tue May 19 2026 14:00:00 GMT+0700 (Indochina Time),empty,2026-05-19,Ca 3,FALSE,FALSE,FALSE,completed,TRUE
140,M05,6a0c7bfef3ce445280b9136f,Wed May 20 2026 12:04:30 GMT+0700 (Indochina Time),Tue May 19 2026 14:00:00 GMT+0700 (Indochina Time),empty,2026-05-19,Ca 3,FALSE,FALSE,FALSE,completed,TRUE
141,M07,6a0c7c20f3ce445280b91370,Wed May 20 2026 12:05:04 GMT+0700 (Indochina Time),Tue May 19 2026 14:00:00 GMT+0700 (Indochina Time),empty,2026-05-19,Ca 3,FALSE,FALSE,FALSE,completed,TRUE
142,M06,6a0c7c52c5f821fd9cfaeda7,Wed May 20 2026 12:05:54 GMT+0700 (Indochina Time),Tue May 19 2026 14:00:00 GMT+0700 (Indochina Time),empty,2026-05-19,Ca 3,FALSE,FALSE,FALSE,completed,TRUE
143,M03,6a0c7cb2c5f821fd9cfaeda8,Wed May 20 2026 12:07:30 GMT+0700 (Indochina Time),Tue May 19 2026 14:00:00 GMT+0700 (Indochina Time),empty,2026-05-19,Ca 3,FALSE,FALSE,FALSE,completed,TRUE
144,M02,6a0c7cf1c5f821fd9cfaeda9,Wed May 20 2026 12:08:33 GMT+0700 (Indochina Time),Tue May 19 2026 14:00:00 GMT+0700 (Indochina Time),empty,2026-05-19,Ca 3,FALSE,FALSE,FALSE,completed,TRUE
145,TAWI_AB1,6a0c7d1bc5f821fd9cfaedaa,Wed May 20 2026 12:09:15 GMT+0700 (Indochina Time),Tue May 19 2026 14:00:00 GMT+0700 (Indochina Time),empty,2026-05-19,Ca 3,FALSE,FALSE,FALSE,completed,TRUE
146,TAWI_AB2,6a0c7d42c5f821fd9cfaedab,Wed May 20 2026 12:09:54 GMT+0700 (Indochina Time),Tue May 19 2026 14:00:00 GMT+0700 (Indochina Time),empty,2026-05-19,Ca 3,FALSE,FALSE,FALSE,completed,TRUE
147,CDC1,6a0c802769d16d7090df4cd5,Wed May 20 2026 12:22:15 GMT+0700 (Indochina Time),Tue May 19 2026 14:00:00 GMT+0700 (Indochina Time),empty,2026-05-19,Ca 3,FALSE,FALSE,FALSE,completed,TRUE
148,CDC2,6a0c804569d16d7090df4cd6,Wed May 20 2026 12:22:45 GMT+0700 (Indochina Time),Tue May 19 2026 14:00:00 GMT+0700 (Indochina Time),empty,2026-05-19,Ca 3,FALSE,FALSE,FALSE,completed,TRUE
149,N01,6a0c818769d16d7090df4cd7,Wed May 20 2026 12:28:07 GMT+0700 (Indochina Time),Tue May 19 2026 14:00:00 GMT+0700 (Indochina Time),empty,2026-05-19,Ca 3,FALSE,FALSE,FALSE,completed,TRUE
150,N02,6a0c8228d75591d9bd6269d8,Wed May 20 2026 12:30:48 GMT+0700 (Indochina Time),Tue May 19 2026 14:00:00 GMT+0700 (Indochina Time),empty,2026-05-19,Ca 3,FALSE,FALSE,FALSE,completed,TRUE
151,N03,6a0c836bd75591d9bd6269d9,Wed May 20 2026 12:36:11 GMT+0700 (Indochina Time),Tue May 19 2026 14:00:00 GMT+0700 (Indochina Time),empty,2026-05-19,Ca 3,FALSE,FALSE,FALSE,completed,TRUE
152,N04,6a0c84b6d75591d9bd6269da,Wed May 20 2026 12:41:42 GMT+0700 (Indochina Time),Tue May 19 2026 14:00:00 GMT+0700 (Indochina Time),empty,2026-05-19,Ca 3,FALSE,FALSE,FALSE,completed,TRUE
153,NC,6a0c85ced75591d9bd6269db,Wed May 20 2026 12:46:22 GMT+0700 (Indochina Time),Tue May 19 2026 14:00:00 GMT+0700 (Indochina Time),empty,2026-05-19,Ca 3,FALSE,FALSE,FALSE,completed,TRUE
154,M02,6a0cecf7818030e8c049964f,Wed May 20 2026 20:06:31 GMT+0700 (Indochina Time),Wed May 20 2026 14:00:00 GMT+0700 (Indochina Time),empty,2026-05-20,Ca 1,FALSE,TRUE,FALSE,completed,TRUE
155,NC,6a0cec053bf063c4f03814cd,Wed May 20 2026 20:02:29 GMT+0700 (Indochina Time),Wed May 20 2026 14:00:00 GMT+0700 (Indochina Time),empty,2026-05-20,Ca 1,FALSE,TRUE,FALSE,completed,TRUE
156,N01,6a0cec1d3bf063c4f03814ce,Wed May 20 2026 20:02:53 GMT+0700 (Indochina Time),Wed May 20 2026 14:00:00 GMT+0700 (Indochina Time),empty,2026-05-20,Ca 1,FALSE,TRUE,FALSE,completed,TRUE
157,M07,6a0cec2571bfd5b766bd1698,Wed May 20 2026 20:03:01 GMT+0700 (Indochina Time),Wed May 20 2026 14:00:00 GMT+0700 (Indochina Time),empty,2026-05-20,Ca 1,FALSE,TRUE,FALSE,completed,TRUE
158,N02,6a0cec373bf063c4f03814cf,Wed May 20 2026 20:03:19 GMT+0700 (Indochina Time),Wed May 20 2026 14:00:00 GMT+0700 (Indochina Time),empty,2026-05-20,Ca 1,FALSE,TRUE,FALSE,completed,TRUE
159,N03,6a0cec523bf063c4f03814d0,Wed May 20 2026 20:03:46 GMT+0700 (Indochina Time),Wed May 20 2026 14:00:00 GMT+0700 (Indochina Time),empty,2026-05-20,Ca 1,FALSE,TRUE,FALSE,completed,TRUE
160,M05,6a0cec5371bfd5b766bd1699,Wed May 20 2026 20:03:47 GMT+0700 (Indochina Time),Wed May 20 2026 14:00:00 GMT+0700 (Indochina Time),empty,2026-05-20,Ca 1,FALSE,TRUE,FALSE,completed,TRUE
161,M06,6a0cec58818030e8c049964c,Wed May 20 2026 20:03:52 GMT+0700 (Indochina Time),Wed May 20 2026 14:00:00 GMT+0700 (Indochina Time),empty,2026-05-20,Ca 1,FALSE,TRUE,FALSE,completed,TRUE
162,N04,6a0cec643bf063c4f03814d1,Wed May 20 2026 20:04:04 GMT+0700 (Indochina Time),Wed May 20 2026 14:00:00 GMT+0700 (Indochina Time),empty,2026-05-20,Ca 1,FALSE,TRUE,FALSE,completed,TRUE
163,TAWI_AB4,6a0cec7e71bfd5b766bd169a,Wed May 20 2026 20:04:30 GMT+0700 (Indochina Time),Wed May 20 2026 14:00:00 GMT+0700 (Indochina Time),empty,2026-05-20,Ca 1,FALSE,TRUE,FALSE,completed,TRUE
164,M03,6a0cec9d818030e8c049964d,Wed May 20 2026 20:05:01 GMT+0700 (Indochina Time),Wed May 20 2026 14:00:00 GMT+0700 (Indochina Time),empty,2026-05-20,Ca 1,FALSE,TRUE,FALSE,completed,TRUE
165,CDC2,6a0cebe5be05819a005fce5c,Wed May 20 2026 20:01:57 GMT+0700 (Indochina Time),Wed May 20 2026 14:00:00 GMT+0700 (Indochina Time),empty,2026-05-20,Ca 1,FALSE,TRUE,FALSE,completed,TRUE
166,TAWI_AB1,6a0ceccf818030e8c049964e,Wed May 20 2026 20:05:51 GMT+0700 (Indochina Time),Wed May 20 2026 14:00:00 GMT+0700 (Indochina Time),empty,2026-05-20,Ca 1,FALSE,TRUE,FALSE,completed,TRUE
167,TAWI_AB2,6a0ced25818030e8c0499650,Wed May 20 2026 20:07:17 GMT+0700 (Indochina Time),Wed May 20 2026 14:00:00 GMT+0700 (Indochina Time),empty,2026-05-20,Ca 1,FALSE,TRUE,FALSE,completed,TRUE
168,XNJB,6a0ced393fd953ea9f7598f0,Wed May 20 2026 20:07:37 GMT+0700 (Indochina Time),Wed May 20 2026 14:00:00 GMT+0700 (Indochina Time),empty,2026-05-20,Ca 1,FALSE,TRUE,FALSE,completed,TRUE
169,M08,6a0cebf471bfd5b766bd1697,Wed May 20 2026 20:02:12 GMT+0700 (Indochina Time),Wed May 20 2026 14:00:00 GMT+0700 (Indochina Time),empty,2026-05-20,Ca 1,FALSE,TRUE,FALSE,completed,TRUE
170,CDC1,6a0cebfdc95a3f0222226db9,Wed May 20 2026 20:02:21 GMT+0700 (Indochina Time),Wed May 20 2026 14:00:00 GMT+0700 (Indochina Time),empty,2026-05-20,Ca 1,FALSE,TRUE,FALSE,completed,TRUE
171,TAWI_AB3,6a0ceca171bfd5b766bd169b,Wed May 20 2026 20:05:05 GMT+0700 (Indochina Time),Wed May 20 2026 14:00:00 GMT+0700 (Indochina Time),empty,2026-05-20,Ca 1,FALSE,TRUE,FALSE,completed,TRUE
172,NC,6a0d5fd1d472c80804a51f42,Thu May 21 2026 04:16:33 GMT+0700 (Indochina Time),Wed May 20 2026 14:00:00 GMT+0700 (Indochina Time),empty,2026-05-20,Ca 2,FALSE,FALSE,FALSE,completed,TRUE
173,CDC2,6a0d60053fd953ea9f7598fa,Thu May 21 2026 04:17:25 GMT+0700 (Indochina Time),Wed May 20 2026 14:00:00 GMT+0700 (Indochina Time),empty,2026-05-20,Ca 2,FALSE,FALSE,FALSE,completed,TRUE
174,M06,6a0d5ffd818030e8c0499657,Thu May 21 2026 04:17:17 GMT+0700 (Indochina Time),Wed May 20 2026 14:00:00 GMT+0700 (Indochina Time),empty,2026-05-20,Ca 2,FALSE,FALSE,FALSE,completed,TRUE
175,N04,6a0d6008d472c80804a51f43,Thu May 21 2026 04:17:28 GMT+0700 (Indochina Time),Wed May 20 2026 14:00:00 GMT+0700 (Indochina Time),empty,2026-05-20,Ca 2,FALSE,FALSE,FALSE,completed,TRUE
176,M03,6a0d601e818030e8c0499658,Thu May 21 2026 04:17:50 GMT+0700 (Indochina Time),Wed May 20 2026 14:00:00 GMT+0700 (Indochina Time),empty,2026-05-20,Ca 2,FALSE,FALSE,FALSE,completed,TRUE
177,TAWI_AB1,6a0d6035818030e8c0499659,Thu May 21 2026 04:18:13 GMT+0700 (Indochina Time),Wed May 20 2026 14:00:00 GMT+0700 (Indochina Time),empty,2026-05-20,Ca 2,FALSE,FALSE,FALSE,completed,TRUE
178,M08,6a0d603f7c236b22c610eb0d,Thu May 21 2026 04:18:23 GMT+0700 (Indochina Time),Wed May 20 2026 14:00:00 GMT+0700 (Indochina Time),empty,2026-05-20,Ca 2,FALSE,FALSE,FALSE,completed,TRUE
179,N03,6a0d603cd472c80804a51f44,Thu May 21 2026 04:18:20 GMT+0700 (Indochina Time),Wed May 20 2026 14:00:00 GMT+0700 (Indochina Time),empty,2026-05-20,Ca 2,FALSE,FALSE,FALSE,completed,TRUE
180,M02,6a0d6047818030e8c049965a,Thu May 21 2026 04:18:31 GMT+0700 (Indochina Time),Wed May 20 2026 14:00:00 GMT+0700 (Indochina Time),empty,2026-05-20,Ca 2,FALSE,FALSE,FALSE,completed,TRUE
181,TAWI_AB3,6a0d605f7c236b22c610eb0e,Thu May 21 2026 04:18:55 GMT+0700 (Indochina Time),Wed May 20 2026 14:00:00 GMT+0700 (Indochina Time),empty,2026-05-20,Ca 2,FALSE,FALSE,FALSE,completed,TRUE
182,TAWI_AB2,6a0d605c818030e8c049965b,Thu May 21 2026 04:18:52 GMT+0700 (Indochina Time),Wed May 20 2026 14:00:00 GMT+0700 (Indochina Time),empty,2026-05-20,Ca 2,FALSE,FALSE,FALSE,completed,TRUE
183,TAWI_AB4,6a0d607b7c236b22c610eb0f,Thu May 21 2026 04:19:23 GMT+0700 (Indochina Time),Wed May 20 2026 14:00:00 GMT+0700 (Indochina Time),empty,2026-05-20,Ca 2,FALSE,FALSE,FALSE,completed,TRUE
184,N02,6a0d607cd472c80804a51f45,Thu May 21 2026 04:19:24 GMT+0700 (Indochina Time),Wed May 20 2026 14:00:00 GMT+0700 (Indochina Time),empty,2026-05-20,Ca 2,FALSE,FALSE,FALSE,completed,TRUE
185,XNJB,6a0d60967c236b22c610eb10,Thu May 21 2026 04:19:50 GMT+0700 (Indochina Time),Wed May 20 2026 14:00:00 GMT+0700 (Indochina Time),empty,2026-05-20,Ca 2,FALSE,FALSE,FALSE,completed,TRUE
186,M05,6a0d60b47c236b22c610eb11,Thu May 21 2026 04:20:20 GMT+0700 (Indochina Time),Wed May 20 2026 14:00:00 GMT+0700 (Indochina Time),empty,2026-05-20,Ca 2,FALSE,FALSE,FALSE,completed,TRUE
187,N01,6a0d609cd472c80804a51f46,Thu May 21 2026 04:19:56 GMT+0700 (Indochina Time),Wed May 20 2026 14:00:00 GMT+0700 (Indochina Time),empty,2026-05-20,Ca 2,FALSE,FALSE,FALSE,completed,TRUE
188,M07,6a0d60d37c236b22c610eb12,Thu May 21 2026 04:20:51 GMT+0700 (Indochina Time),Wed May 20 2026 14:00:00 GMT+0700 (Indochina Time),empty,2026-05-20,Ca 2,FALSE,FALSE,FALSE,completed,TRUE
189,CDC1,6a0d5e0dce6554bb701b1684,Thu May 21 2026 04:09:01 GMT+0700 (Indochina Time),Wed May 20 2026 14:00:00 GMT+0700 (Indochina Time),empty,2026-05-20,Ca 2,FALSE,FALSE,FALSE,completed,TRUE
190,M08,6a0dcc8cbc70b39e826b6ac1,Thu May 21 2026 12:00:28 GMT+0700 (Indochina Time),Wed May 20 2026 14:00:00 GMT+0700 (Indochina Time),empty,2026-05-20,Ca 3,FALSE,FALSE,FALSE,completed,TRUE
191,TAWI_AB3,6a0dccabbc70b39e826b6ac2,Thu May 21 2026 12:00:59 GMT+0700 (Indochina Time),Wed May 20 2026 14:00:00 GMT+0700 (Indochina Time),empty,2026-05-20,Ca 3,FALSE,FALSE,FALSE,completed,TRUE
192,TAWI_AB4,6a0dccc5bc70b39e826b6ac3,Thu May 21 2026 12:01:25 GMT+0700 (Indochina Time),Wed May 20 2026 14:00:00 GMT+0700 (Indochina Time),empty,2026-05-20,Ca 3,FALSE,FALSE,FALSE,completed,TRUE
193,XNJB,6a0dccddbc70b39e826b6ac4,Thu May 21 2026 12:01:49 GMT+0700 (Indochina Time),Wed May 20 2026 14:00:00 GMT+0700 (Indochina Time),empty,2026-05-20,Ca 3,FALSE,FALSE,FALSE,completed,TRUE
194,M05,6a0dcd26bc70b39e826b6ac5,Thu May 21 2026 12:03:02 GMT+0700 (Indochina Time),Wed May 20 2026 14:00:00 GMT+0700 (Indochina Time),empty,2026-05-20,Ca 3,FALSE,FALSE,FALSE,completed,TRUE
195,M07,6a0dcd40bc70b39e826b6ac6,Thu May 21 2026 12:03:28 GMT+0700 (Indochina Time),Wed May 20 2026 14:00:00 GMT+0700 (Indochina Time),empty,2026-05-20,Ca 3,FALSE,FALSE,FALSE,completed,TRUE
196,CDC1,6a0dce1a496ca942aab2d5ae,Thu May 21 2026 12:07:06 GMT+0700 (Indochina Time),Wed May 20 2026 14:00:00 GMT+0700 (Indochina Time),empty,2026-05-20,Ca 3,FALSE,FALSE,FALSE,completed,TRUE
197,M02,6a0dce2994ed365e999b308f,Thu May 21 2026 12:07:21 GMT+0700 (Indochina Time),Wed May 20 2026 14:00:00 GMT+0700 (Indochina Time),empty,2026-05-20,Ca 3,FALSE,FALSE,FALSE,completed,TRUE
198,M03,6a0dce5894ed365e999b3090,Thu May 21 2026 12:08:08 GMT+0700 (Indochina Time),Wed May 20 2026 14:00:00 GMT+0700 (Indochina Time),empty,2026-05-20,Ca 3,FALSE,FALSE,FALSE,completed,TRUE
199,CDC2,6a0dce64496ca942aab2d5af,Thu May 21 2026 12:08:20 GMT+0700 (Indochina Time),Wed May 20 2026 14:00:00 GMT+0700 (Indochina Time),empty,2026-05-20,Ca 3,FALSE,FALSE,FALSE,completed,TRUE
200,M06,6a0dcea394ed365e999b3091,Thu May 21 2026 12:09:23 GMT+0700 (Indochina Time),Wed May 20 2026 14:00:00 GMT+0700 (Indochina Time),empty,2026-05-20,Ca 3,FALSE,FALSE,FALSE,completed,TRUE
201,TAWI_AB1,6a0dcec894ed365e999b3092,Thu May 21 2026 12:10:00 GMT+0700 (Indochina Time),Wed May 20 2026 14:00:00 GMT+0700 (Indochina Time),empty,2026-05-20,Ca 3,FALSE,FALSE,FALSE,completed,TRUE