Material,Material description,Bundle,Khu Vực,Status,Color,Material Description,Size Type,IsValid,Case
C0000000163,CP_09 TRANG,CP_09,IM,C3,TRANG,Pokey FH White Handle Spec,HDL_PK_Size,Yes,WHEN 'C0000000163' THEN 'CP_09'
C0000000173,CP_09_S TRANG,CP_09_S,TE,C3,TRANG,Pokey FHS White TB,TE_PK_Size,Yes,WHEN 'C0000000173' THEN 'CP_09_S'
C0000000462,EC_11 TIM,EC_11,IM,C5,TIM,,HDL_EXCL_09_Size,No,WHEN 'C0000000462' THEN 'EC_11'
C0000000463,EC_11 CAM,EC_11,IM,C5,CAM,,HDL_EXCL_09_Size,No,WHEN 'C0000000463' THEN 'EC_11'
C0000000464,EC_11 LA,EC_11,IM,C5,LA,,HDL_EXCL_09_Size,No,WHEN 'C0000000464' THEN 'EC_11'
C0000000465,EC_11 DUONG,EC_11,IM,C5,DUONG,,HDL_EXCL_09_Size,No,WHEN 'C0000000465' THEN 'EC_11'
C0000000754,ZZ_09 DO,ZZ_09,IM,C5,DO,,,No,WHEN 'C0000000754' THEN 'ZZ_09'
C0000000755,ZZ_09 CAM,ZZ_09,IM,C5,CAM,,,No,WHEN 'C0000000755' THEN 'ZZ_09'
C0000000756,ZZ_09 LA,ZZ_09,IM,C5,LA,,,No,WHEN 'C0000000756' THEN 'ZZ_09'
C0000000757,ZZ_09 DUONG,ZZ_09,IM,C5,DUONG,,,No,WHEN 'C0000000757' THEN 'ZZ_09'
C0000000758,ZZ_09_S DO,ZZ_09_S,TE,C5,DO,,,No,WHEN 'C0000000758' THEN 'ZZ_09_S'
C0000000759,ZZ_09_S CAM,ZZ_09_S,TE,C5,CAM,,,No,WHEN 'C0000000759' THEN 'ZZ_09_S'
C0000000760,ZZ_09_S LA,ZZ_09_S,TE,C5,LA,,,No,WHEN 'C0000000760' THEN 'ZZ_09_S'
C0000000761,ZZ_09_S DUONG,ZZ_09_S,TE,C5,DUONG,,,No,WHEN 'C0000000761' THEN 'ZZ_09_S'
C0000000762,ZZ_09_M DO,ZZ_09_M,TE,C5,DO,,,No,WHEN 'C0000000762' THEN 'ZZ_09_M'
C0000000763,ZZ_09_M CAM,ZZ_09_M,TE,C5,CAM,,,No,WHEN 'C0000000763' THEN 'ZZ_09_M'
C0000000764,ZZ_09_M LA,ZZ_09_M,TE,C5,LA,,,No,WHEN 'C0000000764' THEN 'ZZ_09_M'
C0000000765,ZZ_09_M DUONG,ZZ_09_M,TE,C5,DUONG,,,No,WHEN 'C0000000765' THEN 'ZZ_09_M'
C0000000905,ZZGC_09 DUONG,ZZGC_09,IM,C5,DUONG,,HDL_ZZ GC 09_Size,No,WHEN 'C0000000905' THEN 'ZZGC_09'
C0000000906,ZZGC_09 LA,ZZGC_09,IM,C5,LA,,HDL_ZZ GC 09_Size,No,WHEN 'C0000000906' THEN 'ZZGC_09'
C0000000907,ZZGC_09 DO,ZZGC_09,IM,C5,DO,,HDL_ZZ GC 09_Size,No,WHEN 'C0000000907' THEN 'ZZGC_09'
C0000000908,ZZGC_09 VANG,ZZGC_09,IM,C5,VANG,,HDL_ZZ GC 09_Size,No,WHEN 'C0000000908' THEN 'ZZGC_09'
C0000000910,ZZGC_09 DUONG,ZZGC_09,IM,C5,DUONG,,TE_ZZ GC 09_Size,No,WHEN 'C0000000910' THEN 'ZZGC_09'
C0000000911,ZZGC_09 LA,ZZGC_09,IM,C5,LA,,TE_ZZ GC 09_Size,No,WHEN 'C0000000911' THEN 'ZZGC_09'
C0000000912,ZZGC_09 DO,ZZGC_09,IM,C5,DO,,TE_ZZ GC 09_Size,No,WHEN 'C0000000912' THEN 'ZZGC_09'
C0000000913,ZZGC_09 VANG,ZZGC_09,IM,C5,VANG,,TE_ZZ GC 09_Size,No,WHEN 'C0000000913' THEN 'ZZGC_09'
C0000000924,TA_09 DUONG,TA_09,IM,C5,DUONG,,HDL_TPA_09_Size,No,WHEN 'C0000000924' THEN 'TA_09'
C0000000933,TA_09_S DUONG,TA_09_S,TE,C5,DUONG,,TE_TPA_09_Size,No,WHEN 'C0000000933' THEN 'TA_09_S'
C0000000934,TA_09_M DUONG,TA_09_M,TE,C5,DUONG,,TE_TPA_09_Size,No,WHEN 'C0000000934' THEN 'TA_09_M'
C0000000943,GC_09 DUONG,GC_09,IM,C5,DUONG,,HDL_GC09_Size,No,WHEN 'C0000000943' THEN 'GC_09'
C0000000944,GC_09 LA,GC_09,IM,C5,LA,,HDL_GC09_Size,No,WHEN 'C0000000944' THEN 'GC_09'
C0000000945,GC_09 VANG,GC_09,IM,C5,VANG,,HDL_GC09_Size,No,WHEN 'C0000000945' THEN 'GC_09'
C0000000946,GC_09 DO,GC_09,IM,C5,DO,,HDL_GC09_Size,No,WHEN 'C0000000946' THEN 'GC_09'
C0000000947,GC_09_S VANG,GC_09_S,TE,C5,VANG,,,No,WHEN 'C0000000947' THEN 'GC_09_S'
C0000000948,GC_09_S DUONG,GC_09_S,TE,C5,DUONG,,,No,WHEN 'C0000000948' THEN 'GC_09_S'
C0000000949,GC_09_S LA,GC_09_S,TE,C5,LA,,,No,WHEN 'C0000000949' THEN 'GC_09_S'
C0000000950,GC_09_S DO,GC_09_S,TE,C5,DO,,,No,WHEN 'C0000000950' THEN 'GC_09_S'
C0000000985,ZZAB_09 DUONG,ZZAB_09,IM,C5,DUONG,,HDL_ZZ AB 09_Size,No,WHEN 'C0000000985' THEN 'ZZAB_09'
C0000000986,ZZAB_09 LA,ZZAB_09,IM,C5,LA,,HDL_ZZ AB 09_Size,No,WHEN 'C0000000986' THEN 'ZZAB_09'
C0000000987,ZZAB_09 TIM,ZZAB_09,IM,C5,TIM,,HDL_ZZ AB 09_Size,No,WHEN 'C0000000987' THEN 'ZZAB_09'
C0000000988,ZZAB_09 DO,ZZAB_09,IM,C5,DO,,HDL_ZZ AB 09_Size,No,WHEN 'C0000000988' THEN 'ZZAB_09'
C0000000989,ZZAB_09 TIM,ZZAB_09,IM,C5,TIM,,,No,WHEN 'C0000000989' THEN 'ZZAB_09'
C0000000991,ZZAB_09 DUONG,ZZAB_09,IM,C5,DUONG,,,No,WHEN 'C0000000991' THEN 'ZZAB_09'
C0000000993,ZZAB_09 LA,ZZAB_09,IM,C5,LA,,,No,WHEN 'C0000000993' THEN 'ZZAB_09'
C0000000995,ZZAB_09 DO,ZZAB_09,IM,C5,DO,,,No,WHEN 'C0000000995' THEN 'ZZAB_09'
C0000001013,TA_09 LA,TA_09,IM,C5,LA,,HDL_TPA_09_Size,No,WHEN 'C0000001013' THEN 'TA_09'
C0000001014,TA_09 CAM,TA_09,IM,C5,CAM,,HDL_TPA_09_Size,No,WHEN 'C0000001014' THEN 'TA_09'
C0000001015,TA_09 DO,TA_09,IM,C5,DO,,HDL_TPA_09_Size,No,WHEN 'C0000001015' THEN 'TA_09'
C0000001016,TA_09_M LA,TA_09_M,TE,C5,LA,,TE_TPA_09_Size,No,WHEN 'C0000001016' THEN 'TA_09_M'
C0000001017,TA_09_M CAM,TA_09_M,TE,C5,CAM,,TE_TPA_09_Size,No,WHEN 'C0000001017' THEN 'TA_09_M'
C0000001018,TA_09_M DO,TA_09_M,TE,C5,DO,,TE_TPA_09_Size,No,WHEN 'C0000001018' THEN 'TA_09_M'
C0000001019,TA_09_S LA,TA_09_S,TE,C5,LA,,TE_TPA_09_Size,No,WHEN 'C0000001019' THEN 'TA_09_S'
C0000001020,TA_09_S CAM,TA_09_S,TE,C5,CAM,,TE_TPA_09_Size,No,WHEN 'C0000001020' THEN 'TA_09_S'
C0000001021,TA_09_S DO,TA_09_S,TE,C5,DO,,TE_TPA_09_Size,No,WHEN 'C0000001021' THEN 'TA_09_S'
C0000001371,CP_09 DO,CP_09,IM,C5,DO,Pokey 00 FH Red Handle,HDL_PK_Size,No,WHEN 'C0000001371' THEN 'CP_09'
C0000001372,CP_09 DUONG,CP_09,IM,C5,DUONG,Pokey 00 FH Blue Handle,HDL_PK_Size,No,WHEN 'C0000001372' THEN 'CP_09'
C0000001377,CP_09_S DUONG,CP_09_S,TE,C5,DUONG,,TE_PK_Size,No,WHEN 'C0000001377' THEN 'CP_09_S'
C0000001378,CP_09_S DO,CP_09_S,TE,C5,DO,,TE_PK_Size,No,WHEN 'C0000001378' THEN 'CP_09_S'
C0000001801,EC_11_S DUONG,EC_11_S,TE,C5,DUONG,,,No,WHEN 'C0000001801' THEN 'EC_11_S'
C0000001802,EC_11_S LA,EC_11_S,TE,C5,LA,,,No,WHEN 'C0000001802' THEN 'EC_11_S'
C0000001803,EC_11_S CAM,EC_11_S,TE,C5,CAM,,,No,WHEN 'C0000001803' THEN 'EC_11_S'
C0000001804,EC_11_S TIM,EC_11_S,TE,C5,TIM,,,No,WHEN 'C0000001804' THEN 'EC_11_S'
C0000001805,EC_11_M DUONG,EC_11_M,TE,C5,DUONG,,,No,WHEN 'C0000001805' THEN 'EC_11_M'
C0000001806,EC_11_M LA,EC_11_M,TE,C5,LA,,,No,WHEN 'C0000001806' THEN 'EC_11_M'
C0000001807,EC_11_M CAM,EC_11_M,TE,C5,CAM,,,No,WHEN 'C0000001807' THEN 'EC_11_M'
C0000001808,EC_11_M TIM,EC_11_M,TE,C5,TIM,,,No,WHEN 'C0000001808' THEN 'EC_11_M'
C0000002084,PC_11 TIM,PC_11,IM,C5,TIM,,,No,WHEN 'C0000002084' THEN 'PC_11'
C0000002085,PC_11 DO,PC_11,IM,C5,DO,,,No,WHEN 'C0000002085' THEN 'PC_11'
C0000002086,PC_11 LA,PC_11,IM,C5,LA,,,No,WHEN 'C0000002086' THEN 'PC_11'
C0000002087,PC_11 DUONG,PC_11,IM,C5,DUONG,,,No,WHEN 'C0000002087' THEN 'PC_11'
C0000002088,PC_11_S TIM,PC_11_S,TE,C5,TIM,Premier Clean 11 FHS White/Violet TB,,No,WHEN 'C0000002088' THEN 'PC_11_S'
C0000002089,PC_11_S LA,PC_11_S,TE,C5,LA,,,No,WHEN 'C0000002089' THEN 'PC_11_S'
C0000002090,PC_11_S DO,PC_11_S,TE,C5,DO,Premier Clean 11 FHS White/Red TB,,No,WHEN 'C0000002090' THEN 'PC_11_S'
C0000002091,PC_11_S DUONG,PC_11_S,TE,C5,DUONG,Premier Clean 11 FHS White/Blue TB,,No,WHEN 'C0000002091' THEN 'PC_11_S'
C0000002092,PC_11_M TIM,PC_11_M,TE,C5,TIM,,,No,WHEN 'C0000002092' THEN 'PC_11_M'
C0000002093,PC_11_M DO,PC_11_M,TE,C5,DO,,,No,WHEN 'C0000002093' THEN 'PC_11_M'
C0000002094,PC_11_M LA,PC_11_M,TE,C5,LA,,,No,WHEN 'C0000002094' THEN 'PC_11_M'
C0000002095,PC_11_M DUONG,PC_11_M,TE,C5,DUONG,,,No,WHEN 'C0000002095' THEN 'PC_11_M'
C0000002121,CCDC_11 DUONG,CCDC_11,IM,C5,DUONG,,,No,WHEN 'C0000002121' THEN 'CCDC_11'
C0000002122,CCDC_11 LA,CCDC_11,IM,C5,LA,,,No,WHEN 'C0000002122' THEN 'CCDC_11'
C0000002124,CCDC_11 VANG,CCDC_11,IM,C5,VANG,Classic Deep Clean 11 FH Yellow Handle,,No,WHEN 'C0000002124' THEN 'CCDC_11'
C0000002125,CCDC_11 TRANG,CCDC_11,IM,C3,TRANG,Classic Deep Clean11 FH White Handle,HDL_CC_11_WH_Size,Yes,WHEN 'C0000002125' THEN 'CCDC_11'
C0000002126,CCDC_11_S DUONG,CCDC_11_S,TE,C5,DUONG,,,No,WHEN 'C0000002126' THEN 'CCDC_11_S'
C0000002127,CCDC_11_S LA,CCDC_11_S,TE,C5,LA,,,No,WHEN 'C0000002127' THEN 'CCDC_11_S'
C0000002129,CCDC_11_S VANG,CCDC_11_S,TE,C5,VANG,,,No,WHEN 'C0000002129' THEN 'CCDC_11_S'
C0000002130,CCDC_11_S TRANG,CCDC_11_S,TE,C3,TRANG,Classic Deep Clean 11 FHS White TB,TE_CC_11_WH_Size,Yes,WHEN 'C0000002130' THEN 'CCDC_11_S'
C0000002131,CCDC_11_M DUONG,CCDC_11_M,TE,C5,DUONG,Classic Deep Clean 11 FHM Blue TB,,No,WHEN 'C0000002131' THEN 'CCDC_11_M'
C0000002132,CCDC_11_M LA,CCDC_11_M,TE,C5,LA,Classic Deep Clean 11 FHM Green TB,,No,WHEN 'C0000002132' THEN 'CCDC_11_M'
C0000002134,CCDC_11_M VANG,CCDC_11_M,TE,C5,VANG,,,No,WHEN 'C0000002134' THEN 'CCDC_11_M'
C0000002136,CCDC_11_H DUONG,CCDC_11_H,TE,C5,DUONG,,,No,WHEN 'C0000002136' THEN 'CCDC_11_H'
C0000002137,CCDC_11_H LA,CCDC_11_H,TE,C5,LA,,,No,WHEN 'C0000002137' THEN 'CCDC_11_H'
C0000002139,CCDC_11_H VANG,CCDC_11_H,TE,C5,VANG,,,No,WHEN 'C0000002139' THEN 'CCDC_11_H'
C0000002263,CCDC_11 HONG,CCDC_11,IM,C5,HONG,,,No,WHEN 'C0000002263' THEN 'CCDC_11'
C0000002264,CCDC_11_S HONG,CCDC_11_S,TE,C5,HONG,,,No,WHEN 'C0000002264' THEN 'CCDC_11_S'
C0000002265,CCDC_11_M HONG,CCDC_11_M,TE,C5,HONG,,,No,WHEN 'C0000002265' THEN 'CCDC_11_M'
C0000002266,CCDC_11_H HONG,CCDC_11_H,TE,C5,HONG,,,No,WHEN 'C0000002266' THEN 'CCDC_11_H'
C0000002389,DELUXE_11 DUONG,DELUXE_11,IM,C5,DUONG,,,No,WHEN 'C0000002389' THEN 'DELUXE_11'
C0000002392,DELUXE_11 HONG,DELUXE_11,IM,C5,HONG,,,No,WHEN 'C0000002392' THEN 'DELUXE_11'
C0000002394,DELUXE_11 LA,DELUXE_11,IM,C5,LA,,,No,WHEN 'C0000002394' THEN 'DELUXE_11'
C0000002395,DELUXE_11 VANG,DELUXE_11,IM,C5,VANG,,,No,WHEN 'C0000002395' THEN 'DELUXE_11'
C0000002485,K2+_S DO,K2+_S,TE,C3,DO,Value Age 2+ 12 YHX Red TB,TE_Kid 2+_Size,Yes,WHEN 'C0000002485' THEN 'K2+_S'
C0000002486,K2+_S DUONG,K2+_S,TE,C3,DUONG,Value Age 2+ 12 YHX Blue TB,TE_Kid 2+_Size,Yes,WHEN 'C0000002486' THEN 'K2+_S'
C0000002487,K2+_S LA,K2+_S,TE,C3,LA,Value Age 2+ 12 YHX Green TB,TE_Kid 2+_Size,Yes,WHEN 'C0000002487' THEN 'K2+_S'
C0000002613,DA_12 HONG,DA_12,IM,C5,HONG,,,No,WHEN 'C0000002613' THEN 'DA_12'
C0000002614,DA_12 LA,DA_12,IM,C5,LA,,,No,WHEN 'C0000002614' THEN 'DA_12'
C0000002615,DA_12 DUONG,DA_12,IM,C5,DUONG,,,No,WHEN 'C0000002615' THEN 'DA_12'
C0000002616,DA_12 TIM,DA_12,IM,C5,TIM,,,No,WHEN 'C0000002616' THEN 'DA_12'
C0000002617,DA_12_M HONG,DA_12_M,TE,C5,HONG,Double Action 12 XHM Pink/White TB,,No,WHEN 'C0000002617' THEN 'DA_12_M'
C0000002618,DA_12_M LA,DA_12_M,TE,C5,LA,Double Action 12 XHM Green/White TB,,No,WHEN 'C0000002618' THEN 'DA_12_M'
C0000002619,DA_12_M DUONG,DA_12_M,TE,C5,DUONG,,,No,WHEN 'C0000002619' THEN 'DA_12_M'
C0000002620,DA_12_M TIM,DA_12_M,TE,C5,TIM,,,No,WHEN 'C0000002620' THEN 'DA_12_M'
C0000002621,DA_12_H HONG,DA_12_H,TE,C5,HONG,,,No,WHEN 'C0000002621' THEN 'DA_12_H'
C0000002622,DA_12_H LA,DA_12_H,TE,C5,LA,,,No,WHEN 'C0000002622' THEN 'DA_12_H'
C0000002623,DA_12_H DUONG,DA_12_H,TE,C5,DUONG,,,No,WHEN 'C0000002623' THEN 'DA_12_H'
C0000002624,DA_12_H TIM,DA_12_H,TE,C5,TIM,,,No,WHEN 'C0000002624' THEN 'DA_12_H'
C0000002676,K5+ DUONG,K5+,IM,C3,DUONG,Mid-Tier Age 5+ YHX Blue Handle,HDL_Kid 5+_Size,Yes,WHEN 'C0000002676' THEN 'K5+'
C0000002677,K5+ LA,K5+,IM,C3,LA,Mid-Tier Age 5+ YHX Green Handle,HDL_Kid 5+_Size,Yes,WHEN 'C0000002677' THEN 'K5+'
C0000002678,K5+ TIM,K5+,IM,C3,TIM,Mid-Tier Age 5+ YHX Purple Handle,HDL_Kid 5+_Size,Yes,WHEN 'C0000002678' THEN 'K5+'
C0000002679,KID_5+ HONG,KID_5+,IM,C5,HONG,,,No,WHEN 'C0000002679' THEN 'KID_5+'
C0000002686,KID5+DECAL HONG,KID5+DECAL,IM,C5,HONG,,HDL_Kid 5+_D_Size,No,WHEN 'C0000002686' THEN 'KID5+DECAL'
C0000002687,KID5+DECAL DUONG,KID5+DECAL,IM,C5,DUONG,,HDL_Kid 5+_D_Size,No,WHEN 'C0000002687' THEN 'KID5+DECAL'
C0000002688,KID5+DECAL LA,KID5+DECAL,IM,C5,LA,,HDL_Kid 5+_D_Size,No,WHEN 'C0000002688' THEN 'KID5+DECAL'
C0000002689,KID5+DECAL TIM,KID5+DECAL,IM,C5,TIM,,HDL_Kid 5+_D_Size,No,WHEN 'C0000002689' THEN 'KID5+DECAL'
C0000002746,KID_5+_S DUONG,KID_5+_S,TE,C5,DUONG,,,No,WHEN 'C0000002746' THEN 'KID_5+_S'
C0000002747,KID_5+_S LA,KID_5+_S,TE,C5,LA,,,No,WHEN 'C0000002747' THEN 'KID_5+_S'
C0000002748,KID_5+_S TIM,KID_5+_S,TE,C5,TIM,,,No,WHEN 'C0000002748' THEN 'KID_5+_S'
C0000002749,KID_5+_S DO,KID_5+_S,TE,C5,DO,,,No,WHEN 'C0000002749' THEN 'KID_5+_S'
C0000002812,TW_13 DUONG,TW_13,IM,C5,DUONG,,HDL_TW 13_Size,No,WHEN 'C0000002812' THEN 'TW_13'
C0000002813,TW_13 LA,TW_13,IM,C5,LA,,HDL_TW 13_Size,No,WHEN 'C0000002813' THEN 'TW_13'
C0000002814,TW_13 HONG,TW_13,IM,C5,HONG,,HDL_TW 13_Size,No,WHEN 'C0000002814' THEN 'TW_13'
C0000002815,TW_13 VANG,TW_13,IM,C5,VANG,,HDL_TW 13_Size,No,WHEN 'C0000002815' THEN 'TW_13'
C0000002820,TW13WAVY_S DUONG,TW13WAVY_S,TE,C5,DUONG,,,No,WHEN 'C0000002820' THEN 'TW13WAVY_S'
C0000002821,TW13WAVY_S LA,TW13WAVY_S,TE,C5,LA,,,No,WHEN 'C0000002821' THEN 'TW13WAVY_S'
C0000002822,TW13WAVY_S HONG,TW13WAVY_S,TE,C5,HONG,,,No,WHEN 'C0000002822' THEN 'TW13WAVY_S'
C0000002823,TW13WAVY_S VANG,TW13WAVY_S,TE,C5,VANG,,,No,WHEN 'C0000002823' THEN 'TW13WAVY_S'
C0000002824,TW13WAVY_M DUONG,TW13WAVY_M,TE,C5,DUONG,,,No,WHEN 'C0000002824' THEN 'TW13WAVY_M'
C0000002825,TW13WAVY_M LA,TW13WAVY_M,TE,C5,LA,,,No,WHEN 'C0000002825' THEN 'TW13WAVY_M'
C0000002826,TW13WAVY_M HONG,TW13WAVY_M,TE,C5,HONG,,,No,WHEN 'C0000002826' THEN 'TW13WAVY_M'
C0000002827,TW13WAVY_M VANG,TW13WAVY_M,TE,C5,VANG,,,No,WHEN 'C0000002827' THEN 'TW13WAVY_M'
C0000002828,TW13WAVY_H DUONG,TW13WAVY_H,TE,C5,DUONG,,,No,WHEN 'C0000002828' THEN 'TW13WAVY_H'
C0000002829,TW13WAVY_H LA,TW13WAVY_H,TE,C5,LA,,,No,WHEN 'C0000002829' THEN 'TW13WAVY_H'
C0000002830,TW13WAVY_H HONG,TW13WAVY_H,TE,C5,HONG,,,No,WHEN 'C0000002830' THEN 'TW13WAVY_H'
C0000002831,TW13WAVY_H VANG,TW13WAVY_H,TE,C5,VANG,,,No,WHEN 'C0000002831' THEN 'TW13WAVY_H'
C0000002832,TW13FLAT_S DUONG,TW13FLAT_S,TE,C5,DUONG,,,No,WHEN 'C0000002832' THEN 'TW13FLAT_S'
C0000002833,TW13FLAT_S LA,TW13FLAT_S,TE,C5,LA,,,No,WHEN 'C0000002833' THEN 'TW13FLAT_S'
C0000002834,TW13FLAT_S HONG,TW13FLAT_S,TE,C5,HONG,,,No,WHEN 'C0000002834' THEN 'TW13FLAT_S'
C0000002835,TW13FLAT_S VANG,TW13FLAT_S,TE,C5,VANG,,,No,WHEN 'C0000002835' THEN 'TW13FLAT_S'
C0000002836,TW13FLAT_M DUONG,TW13FLAT_M,TE,C5,DUONG,,,No,WHEN 'C0000002836' THEN 'TW13FLAT_M'
C0000002837,TW13FLAT_M LA,TW13FLAT_M,TE,C5,LA,,,No,WHEN 'C0000002837' THEN 'TW13FLAT_M'
C0000002838,TW13FLAT_M HONG,TW13FLAT_M,TE,C5,HONG,,,No,WHEN 'C0000002838' THEN 'TW13FLAT_M'
C0000002839,TW13FLAT_M VANG,TW13FLAT_M,TE,C5,VANG,,,No,WHEN 'C0000002839' THEN 'TW13FLAT_M'
C0000002841,TWCH_13 DUONG,TWCH_13,IM,C5,DUONG,,,No,WHEN 'C0000002841' THEN 'TWCH_13'
C0000002842,TWCH_13 LA,TWCH_13,IM,C5,LA,,,No,WHEN 'C0000002842' THEN 'TWCH_13'
C0000002843,TWCH_13 HONG,TWCH_13,IM,C5,HONG,,,No,WHEN 'C0000002843' THEN 'TWCH_13'
C0000002844,TWCH_13 VANG,TWCH_13,IM,C5,VANG,,,No,WHEN 'C0000002844' THEN 'TWCH_13'
C0000002886,EC_13 DUONG,EC_13,IM,C5,DUONG,,HDL_EXCL_13_Size,No,WHEN 'C0000002886' THEN 'EC_13'
C0000002887,EC_13 LA,EC_13,IM,C5,LA,,HDL_EXCL_13_Size,No,WHEN 'C0000002887' THEN 'EC_13'
C0000002888,EC_13 CAM,EC_13,IM,C5,CAM,,HDL_EXCL_13_Size,No,WHEN 'C0000002888' THEN 'EC_13'
C0000002889,EC_13 TIM,EC_13,IM,C5,TIM,,HDL_EXCL_13_Size,No,WHEN 'C0000002889' THEN 'EC_13'
C0000002890,EC_13_S DUONG,EC_13_S,TE,C5,DUONG,,,No,WHEN 'C0000002890' THEN 'EC_13_S'
C0000002891,EC_13_S LA,EC_13_S,TE,C5,LA,,,No,WHEN 'C0000002891' THEN 'EC_13_S'
C0000002892,EC_13_S CAM,EC_13_S,TE,C5,CAM,,,No,WHEN 'C0000002892' THEN 'EC_13_S'
C0000002893,EC_13_S TIM,EC_13_S,TE,C5,TIM,,,No,WHEN 'C0000002893' THEN 'EC_13_S'
C0000002894,EC_13_M DUONG,EC_13_M,TE,C5,DUONG,,,No,WHEN 'C0000002894' THEN 'EC_13_M'
C0000002895,EC_13_M LA,EC_13_M,TE,C5,LA,,,No,WHEN 'C0000002895' THEN 'EC_13_M'
C0000002896,EC_13_M CAM,EC_13_M,TE,C5,CAM,,,No,WHEN 'C0000002896' THEN 'EC_13_M'
C0000002897,EC_13_M TIM,EC_13_M,TE,C5,TIM,,,No,WHEN 'C0000002897' THEN 'EC_13_M'
C0000002941,K2+ DO,K2+,IM,C3,DO,Value Age 2+ YH Red Handle,HDL_Kid 2+_Size,Yes,WHEN 'C0000002941' THEN 'K2+'
C0000002942,K2+ DUONG,K2+,IM,C3,DUONG,Value Age 2+ YH Blue Handle,HDL_Kid 2+_Size,Yes,WHEN 'C0000002942' THEN 'K2+'
C0000002943,K2+ LA,K2+,IM,C3,LA,Value Age 2+ YH Green Handle,HDL_Kid 2+_Size,Yes,WHEN 'C0000002943' THEN 'K2+'
C0000002944,K2+ HONG,K2+,IM,C3,HONG,Value Age 2+ 12 YH Pink Handle,HDL_Kid 2+_Size,Yes,WHEN 'C0000002944' THEN 'K2+'
C0000002996,TW_WH_13 HONG,TW_WH_13,IM,C5,HONG,,,No,WHEN 'C0000002996' THEN 'TW_WH_13'
C0000002997,TW_WH_13 LA,TW_WH_13,IM,C5,LA,,,No,WHEN 'C0000002997' THEN 'TW_WH_13'
C0000002998,TW_WH_13 DUONG,TW_WH_13,IM,C5,DUONG,,,No,WHEN 'C0000002998' THEN 'TW_WH_13'
C0000002999,TW_WH_S HONG,TW_WH_S,TE,C5,HONG,,,No,WHEN 'C0000002999' THEN 'TW_WH_S'
C0000003000,TW_WH_S LA,TW_WH_S,TE,C5,LA,,,No,WHEN 'C0000003000' THEN 'TW_WH_S'
C0000003001,TW_WH_S DUONG,TW_WH_S,TE,C5,DUONG,,,No,WHEN 'C0000003001' THEN 'TW_WH_S'
C0000003002,TW_WH_M HONG,TW_WH_M,TE,C5,HONG,,,No,WHEN 'C0000003002' THEN 'TW_WH_M'
C0000003003,TW_WH_M LA,TW_WH_M,TE,C5,LA,,,No,WHEN 'C0000003003' THEN 'TW_WH_M'
C0000003004,TW_WH_M DUONG,TW_WH_M,TE,C5,DUONG,,,No,WHEN 'C0000003004' THEN 'TW_WH_M'
C0000003009,GC_13 DUONG,GC_13,IM,C5,DUONG,,,No,WHEN 'C0000003009' THEN 'GC_13'
C0000003010,GC_13 LA,GC_13,IM,C5,LA,,,No,WHEN 'C0000003010' THEN 'GC_13'
C0000003011,GC_13 HONG,GC_13,IM,C5,HONG,,,No,WHEN 'C0000003011' THEN 'GC_13'
C0000003012,GC_13 TIM,GC_13,IM,C5,TIM,,,No,WHEN 'C0000003012' THEN 'GC_13'
C0000003013,GC_13_S DUONG,GC_13_S,TE,C5,DUONG,,,No,WHEN 'C0000003013' THEN 'GC_13_S'
C0000003014,GC_13_S LA,GC_13_S,TE,C5,LA,,,No,WHEN 'C0000003014' THEN 'GC_13_S'
C0000003015,GC_13_S HONG,GC_13_S,TE,C5,HONG,,,No,WHEN 'C0000003015' THEN 'GC_13_S'
C0000003016,GC_13_S TIM,GC_13_S,TE,C5,TIM,,,No,WHEN 'C0000003016' THEN 'GC_13_S'
C0000003051,TWGC_13 TIM,TWGC_13,IM,C5,TIM,,,No,WHEN 'C0000003051' THEN 'TWGC_13'
C0000003052,TWGC_13 LA,TWGC_13,IM,C5,LA,,,No,WHEN 'C0000003052' THEN 'TWGC_13'
C0000003053,TWGC_13 HONG,TWGC_13,IM,C5,HONG,,,No,WHEN 'C0000003053' THEN 'TWGC_13'
C0000003054,TWGC_13 VANG,TWGC_13,IM,C5,VANG,,,No,WHEN 'C0000003054' THEN 'TWGC_13'
C0000003055,TW_GC_13 TIM,TW_GC_13,IM,C5,TIM,,,No,WHEN 'C0000003055' THEN 'TW_GC_13'
C0000003056,TW_GC_13 LA,TW_GC_13,IM,C5,LA,,,No,WHEN 'C0000003056' THEN 'TW_GC_13'
C0000003057,TW_GC_13 HONG,TW_GC_13,IM,C5,HONG,,,No,WHEN 'C0000003057' THEN 'TW_GC_13'
C0000003058,TW_GC_13 VANG,TW_GC_13,IM,C5,VANG,,,No,WHEN 'C0000003058' THEN 'TW_GC_13'
C0000003327,AFH_13 DUONG,AFH_13,IM,C5,DUONG,,HDL_AFH_Size,No,WHEN 'C0000003327' THEN 'AFH_13'
C0000003328,AFH_13 DO,AFH_13,IM,C5,DO,,HDL_AFH_Size,No,WHEN 'C0000003328' THEN 'AFH_13'
C0000003329,AFH_13 TRANG,AFH_13,IM,C5,TRANG,,HDL_AFH_Size,No,WHEN 'C0000003329' THEN 'AFH_13'